WELL ID,RESULTS,CHEMICAL,DATE,UNITS,QUALIFER,RL,LATITUDE,LONGITUDE,WELL TYPE,WELL DEPTH (FT),TOP OF SCREEN (FT),SCREEN LENGTH (FT),SOURCE,SOURCE NAME,OTHER NAMES
AGC100012333-SJCDW00028,6.15,DO,10/24/2018,MG/L,=,0,37.81359,-121.0967,UNK,,,,AGLAND,SJCDW00028,SJCDW00028
T0609900374-MW-5,2.8,DO,11/8/2002,MG/L,=,1,37.5516949,-120.9101607,MONITORING,,,,EDF,MW-5,MW-5
T0607715874-MW1A,3.12,DO,11/14/2013,MG/L,=,1,37.9560902,-121.2894471,MONITORING,39.65,,,EDF,MW1A,MW1A
T0609900374-MW-6,4.4,DO,11/8/2002,MG/L,=,1,37.5516268,-120.9099971,MONITORING,,,,EDF,MW-6,MW-6
T0607700888-MW-6,2.6,DO,2/12/2003,MG/L,=,1,37.9543569,-121.2708652,MONITORING,,,,EDF,MW-6,MW-6
AGC100012331-ESJQC00012,4.2,DO,10/30/2018,MG/L,=,0,36.92869,-120.0916,UNK,,,,AGLAND,ESJQC00012,ESJQC00012
T0607700888-MW-10,6.79,DO,1/14/2003,MG/L,=,1,37.9545345,-121.2706364,MONITORING,,,,EDF,MW-10,MW-10
AGC100012333-SJCDW00024,5.78,DO,11/13/2018,MG/L,=,0,37.7732,-121.20935,UNK,,,,AGLAND,SJCDW00024,SJCDW00024
T0607700888-MW-1,4.4,DO,5/19/2003,MG/L,=,100,37.9543877,-121.2709658,MONITORING,,,,EDF,MW-1,MW-1
AGC100012333-SJCDW00013,2.08,DO,11/5/2018,MG/L,=,0,37.9446,-121.16403,UNK,,,,AGLAND,SJCDW00013,SJCDW00013
AGC100012333-SJCDW00026,7.39,DO,10/24/2018,MG/L,=,0,37.79243,-121.10765,UNK,,,,AGLAND,SJCDW00026,SJCDW00026
AGC100012333-SJCDW00027,2.68,DO,10/24/2018,MG/L,=,0,37.75469,-121.10248,UNK,,,,AGLAND,SJCDW00027,SJCDW00027
T0607700046-MW3,6.1,DO,2/21/2012,MG/L,=,1,37.9296573,-121.2286398,MONITORING,,,,EDF,MW3,MW3
T0607700888-MW-4,1.21,DO,2/12/2003,MG/L,=,1,37.9544987,-121.2708282,MONITORING,,,,EDF,MW-4,MW-4
AGC100012333-SJCDW00041,6.19,DO,10/22/2018,MG/L,=,0,37.9058,-121.7051,UNK,,,,AGLAND,SJCDW00041,SJCDW00041
T0607700888-MW-9,12.4,DO,2/12/2003,MG/L,=,1,37.9544511,-121.2705521,MONITORING,,,,EDF,MW-9,MW-9
AGC100012333-SJCDW00007,4.89,DO,10/25/2018,MG/L,=,0,38.01483,-121.25752,UNK,,,,AGLAND,SJCDW00007,SJCDW00007
AGC100012333-SJCDW00020,3.65,DO,11/13/2018,MG/L,=,0,37.79028,-121.24819,UNK,,,,AGLAND,SJCDW00020,SJCDW00020
AGC100012333-SJCDW00058,10.33,DO,10/25/2018,MG/L,=,0,38.09991,-121.21511,UNK,,,,AGLAND,SJCDW00058,SJCDW00058
TRLK-03,0.5,DO,3/3/2016,MG/L,,UNK,37.59861111,-120.8536667,MUNICIPAL,497,230,230,USGS,TRLK-03,TRLK-03
CGOLD-09,1.1,DO,5/17/2006,MG/L,,UNK,37.12352778,-119.8738333,MUNICIPAL,1027,70,957,USGS,CGOLD-09,CGOLD-09
CGOLD-10,1.5,DO,5/18/2006,MG/L,,UNK,37.27783333,-119.6231667,MUNICIPAL,1025,50,975,USGS,CGOLD-10,CGOLD-10
CGOLD-11,0.2,DO,5/18/2006,MG/L,<,UNK,37.26341667,-119.6961111,MUNICIPAL,0,0,0,USGS,CGOLD-11,CGOLD-11
CGOLD-13,8.4,DO,5/23/2006,MG/L,,UNK,37.20883333,-119.7807222,MUNICIPAL,302,60,242,USGS,CGOLD-13,CGOLD-13
MERMW-02,5.6,DO,3/27/2006,MG/L,,UNK,37.36837222,-120.6384972,MUNICIPAL,148,138,5,USGS,MERMW-02,MERMW-02
CGOLD-17,2.2,DO,5/25/2006,MG/L,,UNK,37.25186111,-119.7921389,MUNICIPAL,300,200,100,USGS,CGOLD-17,CGOLD-17
ESJMW-01,3.4,DO,2/1/2005,MG/L,,UNK,38.00119444,-121.2683611,MUNICIPAL,530,500,20,USGS,ESJMW-01,ESJMW-01
CE-QPC-01,7.2,DO,3/20/2006,MG/L,,UNK,37.75711111,-120.7992778,MUNICIPAL,280,0,0,USGS,CE-QPC-01,CE-QPC-01
CGOLDU-01,0.2,DO,5/24/2006,MG/L,<,UNK,37.19875,-119.7726111,MUNICIPAL,675,20,655,USGS,CGOLDU-01,CGOLDU-01
CE-QPC-08,4.5,DO,5/2/2006,MG/L,,UNK,37.35771762,-120.451301,MUNICIPAL,109,0,0,USGS,CE-QPC-08,CE-QPC-08
COS-08,0.3,DO,12/8/2011,MG/L,,UNK,38.28752778,-121.3289722,MUNICIPAL,575,178,392,USGS,COS-08,COS-08
ESJ-14,0.2,DO,2/18/2014,MG/L,,UNK,38.14691667,-121.3728056,MUNICIPAL,212,0,0,USGS,ESJ-14,ESJ-14
ESJ-06,5.9,DO,4/2/2008,MG/L,,UNK,38.10113889,-121.28025,MUNICIPAL,403,200,195,USGS,ESJ-06,ESJ-06
MER-14,1.1,DO,4/17/2006,MG/L,,UNK,37.36611111,-120.5763611,MUNICIPAL,734,261,469,USGS,MER-14,MER-14
DM-23,1.3,DO,6/15/2010,MG/L,,UNK,37.03744444,-120.8080556,MUNICIPAL,200,140,60,USGS,DM-23,DM-23
MER-07,5.7,DO,4/6/2006,MG/L,,UNK,37.23358333,-120.3245278,MUNICIPAL,0,0,0,USGS,MER-07,MER-07
DM-14,0.5,DO,3/18/2010,MG/L,,UNK,37.35619444,-120.9835,MUNICIPAL,104,0,0,USGS,DM-14,DM-14
MOD-04,3.8,DO,3/20/2006,MG/L,,UNK,37.71408333,-121.0819722,MUNICIPAL,304,164,112,USGS,MOD-04,MOD-04
ESJ-19,3.4,DO,2/18/2005,MG/L,,UNK,37.98855556,-121.3073611,MUNICIPAL,519,195,300,USGS,ESJ-19,ESJ-19
MER-17,3.2,DO,4/18/2006,MG/L,,UNK,37.30183333,-120.2524444,MUNICIPAL,0,0,0,USGS,MER-17,MER-17
DM-U-02,0.5,DO,3/29/2010,MG/L,,UNK,37.35021503,-120.9774278,MUNICIPAL,113,105,5,USGS,DM-U-02,DM-U-02
MER-11,1.7,DO,1/28/2010,MG/L,,UNK,37.23294444,-120.2573889,MUNICIPAL,630,234,386,USGS,MER-11,MER-11
S7-SAC-C02,6.4,DO,8/7/2017,MG/L,,UNK,38.29202778,-121.3079722,MUNICIPAL,228,160,68,USGS,S7-SAC-C02,S7-SAC-C02
MADCHOW-05,1.5,DO,6/5/2018,MG/L,,UNK,37.05575,-119.9849444,MUNICIPAL,350,0,0,USGS,MADCHOW-05,MADCHOW-05
S7-SAC-C04,8,DO,8/8/2017,MG/L,,UNK,38.27752778,-121.2254444,MUNICIPAL,285,103,12,USGS,S7-SAC-C04,S7-SAC-C04
S7-SAC-SA01,2.7,DO,8/22/2017,MG/L,,UNK,38.48963889,-121.1497222,MUNICIPAL,200,170,20,USGS,S7-SAC-SA01,S7-SAC-SA01
S3-MACK-M03,6.4,DO,4/10/2014,MG/L,,UNK,36.94702778,-120.31025,MUNICIPAL,200,0,0,USGS,S3-MACK-M03,S3-MACK-M03
S3-MACK-M16,8.2,DO,11/18/2013,MG/L,,UNK,37.08977778,-120.3176667,MUNICIPAL,300,160,140,USGS,S3-MACK-M16,S3-MACK-M16
S3-MACK-M21,6,DO,12/3/2013,MG/L,,UNK,36.92291667,-119.9959444,MUNICIPAL,190,140,50,USGS,S3-MACK-M21,S3-MACK-M21
MADCHOW-03,3.3,DO,4/15/2008,MG/L,,UNK,36.96300227,-120.0646067,MUNICIPAL,540,240,280,USGS,MADCHOW-03,MADCHOW-03
S6-MCAW-C11,0.2,DO,9/27/2016,MG/L,<,UNK,38.56338889,-120.7800278,MUNICIPAL,600,520,80,USGS,S6-MCAW-C11,S6-MCAW-C11
S6-MCAW-C12,2.9,DO,9/13/2016,MG/L,,UNK,38.64155556,-120.7438611,MUNICIPAL,200,150,50,USGS,S6-MCAW-C12,S6-MCAW-C12
MADCHOW-03,4.2,DO,6/5/2018,MG/L,,UNK,36.96300227,-120.0646067,MUNICIPAL,540,240,280,USGS,MADCHOW-03,MADCHOW-03
MADCHOW-10,4.5,DO,4/24/2008,MG/L,,UNK,37.11891667,-120.2590556,MUNICIPAL,830,0,0,USGS,MADCHOW-10,MADCHOW-10
Vanadium Study,0.2,DO,1/31/2012,MG/L,<,UNK,37.93909093,-121.2621676,MUNICIPAL,580,560,20,USGS,Vanadium Study,Vanadium Study
SIERRA-G-07,5.1,DO,5/3/2016,MG/L,,UNK,37.33286111,-119.5811944,MUNICIPAL,700,52,648,USGS,SIERRA-G-07,SIERRA-G-07
Vanadium Study,0.2,DO,2/1/2012,MG/L,<,UNK,37.81894444,-121.2663889,MUNICIPAL,580,560,20,USGS,Vanadium Study,Vanadium Study
SIERRA-ML-08,0.3,DO,7/21/2008,MG/L,,UNK,37.61238889,-120.1271944,MUNICIPAL,122,0,0,USGS,SIERRA-ML-08,SIERRA-ML-08
Vanadium Study,1.2,DO,2/7/2012,MG/L,,UNK,38.05461111,-121.3709722,MUNICIPAL,580,560,20,USGS,Vanadium Study,Vanadium Study
Vanadium Study,1.2,DO,2/7/2012,MG/L,,UNK,37.95993056,-121.31385,MUNICIPAL,580,560,20,USGS,Vanadium Study,Vanadium Study
Vanadium Study,1.2,DO,2/7/2012,MG/L,,UNK,38.04416667,-121.3233333,MUNICIPAL,580,560,20,USGS,Vanadium Study,Vanadium Study
Vanadium Study,1.2,DO,2/7/2012,MG/L,,UNK,37.897,-121.2693,MUNICIPAL,580,560,20,USGS,Vanadium Study,Vanadium Study
Vanadium Study,1.2,DO,2/7/2012,MG/L,,UNK,37.81894444,-121.2663889,MUNICIPAL,580,560,20,USGS,Vanadium Study,Vanadium Study
Vanadium Study,0.2,DO,2/7/2012,MG/L,<,UNK,38.04416667,-121.3233333,MUNICIPAL,580,560,20,USGS,Vanadium Study,Vanadium Study
Vanadium Study,2.3,DO,2/8/2012,MG/L,,UNK,38.05461111,-121.3709722,MUNICIPAL,580,560,20,USGS,Vanadium Study,Vanadium Study
SIERRA-G-12,7.5,DO,8/14/2008,MG/L,,UNK,37.85677778,-119.9485,MUNICIPAL,675,57,618,USGS,SIERRA-G-12,SIERRA-G-12
Vanadium Study,0.2,DO,1/30/2012,MG/L,,UNK,37.8971,-121.2694,MUNICIPAL,580,560,20,USGS,Vanadium Study,Vanadium Study
Vanadium Study,0.2,DO,1/30/2012,MG/L,,UNK,38.04416667,-121.3233333,MUNICIPAL,580,560,20,USGS,Vanadium Study,Vanadium Study
Vanadium Study,0.2,DO,1/30/2012,MG/L,,UNK,38.02980278,-121.3472472,MUNICIPAL,580,560,20,USGS,Vanadium Study,Vanadium Study
Vanadium Study,0.2,DO,1/30/2012,MG/L,<,UNK,38.05461111,-121.3709722,MUNICIPAL,580,560,20,USGS,Vanadium Study,Vanadium Study
Vanadium Study,0.2,DO,1/30/2012,MG/L,<,UNK,37.8971,-121.2694,MUNICIPAL,580,560,20,USGS,Vanadium Study,Vanadium Study
T0607700888-MW-2,3.12,DO,1/14/2003,MG/L,=,1,37.9541829,-121.2705114,MONITORING,,,,EDF,MW-2,MW-2
AGC100012333-SJCDW00012,5.75,DO,10/23/2018,MG/L,=,0,37.78149,-120.95745,UNK,,,,AGLAND,SJCDW00012,SJCDW00012
T0609900374-MW-3,6.1,DO,12/18/2001,MG/L,=,1,37.5516962,-120.9097871,MONITORING,,,,EDF,MW-3,MW-3
T0609900374-MW-6,1.8,DO,5/22/2002,MG/L,=,1,37.5516268,-120.9099971,MONITORING,,,,EDF,MW-6,MW-6
AGC100012331-ESJQC00008,7.51,DO,10/30/2018,MG/L,=,0,37.31789,-120.4315,UNK,,,,AGLAND,ESJQC00008,ESJQC00008
T0607715874-MW1B,2.07,DO,11/14/2013,MG/L,=,1,37.9560678,-121.2894415,MONITORING,58.75,20,20,EDF,MW1B,MW1B
AGC100012333-SJCDW00031,8.56,DO,10/24/2018,MG/L,=,0,37.84098,-120.99847,UNK,,,,AGLAND,SJCDW00031,SJCDW00031
T0607700425-MW-4,1.8,DO,9/26/2011,MG/L,=,1,37.9183291,-121.2786987,MONITORING,49.85,27,23,EDF,MW-4,MW-4
T0609900374-MW-4,6.5,DO,12/18/2001,MG/L,=,1,37.5519109,-120.9100434,MONITORING,,,,EDF,MW-4,MW-4
T0609900374-MW-4,6.4,DO,5/22/2002,MG/L,=,1,37.5519109,-120.9100434,MONITORING,,,,EDF,MW-4,MW-4
T0607700597-MW-3,1.65,DO,11/30/2006,MG/L,=,0.1,37.8208358,-121.2907824,MONITORING,,,,EDF,MW-3,MW-3
SL0601346154-94MW-3,3.39,DO,7/30/2009,MG/L,=,0.01,37.99737148,-121.7598189,MONITORING,,58,15,EDF,94MW-3,94MW-3
T0607715874-MW4B,1.95,DO,11/14/2013,MG/L,=,1,37.9560996,-121.2889583,MONITORING,60.4,55,5,EDF,MW4B,MW4B
AGC100012333-SJCDW00051,7.52,DO,10/23/2018,MG/L,=,0,37.81613,-120.69328,UNK,,,,AGLAND,SJCDW00051,SJCDW00051
T0609900416-MW-3,4.7,DO,8/16/2007,MG/L,=,1,37.503191,-120.8537824,MONITORING,,5,10,EDF,MW-3,MW-3
AGC100012333-SJCDW00022,6.43,DO,10/24/2018,MG/L,=,0,37.81195,-121.17914,UNK,,,,AGLAND,SJCDW00022,SJCDW00022
T0607700888-MW-9,8.8,DO,5/19/2003,MG/L,=,100,37.9544511,-121.2705521,MONITORING,,,,EDF,MW-9,MW-9
DM-03,3.1,DO,3/2/2010,MG/L,,UNK,37.05272323,-120.8532483,MUNICIPAL,310,164,144,USGS,DM-03,DM-03
DM-05,0.2,DO,3/3/2010,MG/L,<,UNK,36.86113889,-120.4517222,MUNICIPAL,230,115,105,USGS,DM-05,DM-05
CGOLD-14,1.1,DO,5/23/2006,MG/L,,UNK,37.32772222,-119.6485278,MUNICIPAL,0,0,0,USGS,CGOLD-14,CGOLD-14
CGOLD-03,0.2,DO,5/9/2006,MG/L,,UNK,37.22630556,-119.7205556,MUNICIPAL,680,50,630,USGS,CGOLD-03,CGOLD-03
MERMW-01,7.4,DO,3/27/2006,MG/L,,UNK,37.36837222,-120.6384972,MUNICIPAL,88,78,5,USGS,MERMW-01,MERMW-01
CGOLD-16,8.1,DO,5/25/2010,MG/L,,UNK,37.41938889,-119.6051944,MUNICIPAL,500,120,100,USGS,CGOLD-16,CGOLD-16
CGOLD-07,0.2,DO,5/4/2016,MG/L,,UNK,37.45136111,-119.6380556,MUNICIPAL,462,60,402,USGS,CGOLD-07,CGOLD-07
CGOLD-13,0.1,DO,6/14/2010,MG/L,,UNK,37.20883333,-119.7807222,MUNICIPAL,302,60,242,USGS,CGOLD-13,CGOLD-13
TRLK-10,3.8,DO,3/27/2006,MG/L,,UNK,37.56186111,-121.1445278,MUNICIPAL,116,72,40,USGS,TRLK-10,TRLK-10
CWISH-05,1,DO,5/17/2006,MG/L,,UNK,37.29230556,-119.5206667,MUNICIPAL,202,85,117,USGS,CWISH-05,CWISH-05
TRLK-02,2.8,DO,2/9/2016,MG/L,,UNK,37.48616667,-120.8217222,MUNICIPAL,272,180,72,USGS,TRLK-02,TRLK-02
CWISH-04,2.2,DO,5/15/2006,MG/L,,UNK,37.33286111,-119.5811944,MUNICIPAL,700,52,648,USGS,CWISH-04,CWISH-04
CWISH-01,1.9,DO,5/4/2016,MG/L,,UNK,37.27441667,-119.5335556,MUNICIPAL,608,0,0,USGS,CWISH-01,CWISH-01
CE-QPC-02,4.7,DO,3/22/2006,MG/L,,UNK,37.64116667,-120.7455,MUNICIPAL,300,124,-124,USGS,CE-QPC-02,CE-QPC-02
MODFP-04,5.6,DO,3/30/2006,MG/L,,UNK,37.70465148,-120.9115995,MUNICIPAL,275,116,159,USGS,MODFP-04,MODFP-04
MODMW-01,7.2,DO,3/30/2006,MG/L,,UNK,37.67408333,-120.8913611,MUNICIPAL,265.5,100,160,USGS,MODMW-01,MODMW-01
CE-QPC-07,3,DO,4/20/2006,MG/L,,UNK,37.53766667,-120.4539167,MUNICIPAL,380,270,110,USGS,CE-QPC-07,CE-QPC-07
DM-12,5,DO,4/2/2013,MG/L,,UNK,37.60991667,-121.2878611,MUNICIPAL,350,0,0,USGS,DM-12,DM-12
MER-06,2.6,DO,4/6/2006,MG/L,,UNK,37.28938605,-120.3243497,MUNICIPAL,178,130,20,USGS,MER-06,MER-06
COS-08,1.4,DO,1/13/2014,MG/L,,UNK,38.28752778,-121.3289722,MUNICIPAL,575,178,392,USGS,COS-08,COS-08
MER-06,3.9,DO,3/17/2016,MG/L,,UNK,37.28938605,-120.3243497,MUNICIPAL,178,130,20,USGS,MER-06,MER-06
MOD-03,8.5,DO,3/20/2006,MG/L,,UNK,37.6515,-121.0208889,MUNICIPAL,180,0,0,USGS,MOD-03,MOD-03
DM-24,0.2,DO,6/16/2010,MG/L,<,UNK,36.98552778,-120.5830556,MUNICIPAL,150,130,20,USGS,DM-24,DM-24
MER-15,7.7,DO,4/18/2006,MG/L,,UNK,37.43941667,-120.5643056,MUNICIPAL,185,0,0,USGS,MER-15,MER-15
MER-10,3.3,DO,4/11/2006,MG/L,,UNK,37.30808333,-120.5035833,MUNICIPAL,294,0,294,USGS,MER-10,MER-10
MER-19,2.6,DO,4/20/2006,MG/L,,UNK,37.27283333,-120.5194444,MUNICIPAL,0,0,0,USGS,MER-19,MER-19
DM-18,0.2,DO,4/13/2010,MG/L,<,UNK,36.84930556,-120.7595,MUNICIPAL,555,0,0,USGS,DM-18,DM-18
DM-U-12,0.6,DO,4/7/2010,MG/L,,UNK,36.78068056,-120.3722028,MUNICIPAL,350,330,20,USGS,DM-U-12,DM-U-12
DM-U-06,2,DO,3/30/2010,MG/L,,UNK,37.01728056,-120.8999278,MUNICIPAL,160,150,10,USGS,DM-U-06,DM-U-06
DM-19,0.1,DO,4/2/2013,MG/L,,UNK,36.83638889,-120.6739444,MUNICIPAL,350,250,100,USGS,DM-19,DM-19
DM-U-10,0.3,DO,4/6/2010,MG/L,,UNK,36.78068056,-120.3722028,MUNICIPAL,550,530,20,USGS,DM-U-10,DM-U-10
DM-U-14,3.6,DO,5/19/2010,MG/L,,UNK,37.43161111,-121.0994722,MUNICIPAL,430,390,20,USGS,DM-U-14,DM-U-14
DM-20,7.1,DO,4/15/2010,MG/L,,UNK,37.37436111,-121.0846944,MUNICIPAL,210,190,20,USGS,DM-20,DM-20
S6-MCAW-C16,7.7,DO,8/25/2016,MG/L,,UNK,38.62494444,-120.5696944,MUNICIPAL,130,53,77,USGS,S6-MCAW-C16,S6-MCAW-C16
TRLKMW-05,7.2,DO,3/29/2006,MG/L,,UNK,37.46160283,-120.7443684,MUNICIPAL,97,87,5,USGS,TRLKMW-05,TRLKMW-05
MADCHOW-15,1.4,DO,4/30/2008,MG/L,,UNK,36.89780556,-119.8113889,MUNICIPAL,450,390,60,USGS,MADCHOW-15,MADCHOW-15
S6-MCAW-M02,0.5,DO,10/18/2016,MG/L,,UNK,38.36352778,-120.8784722,MUNICIPAL,800,620,180,USGS,S6-MCAW-M02,S6-MCAW-M02
S6-MCAW-M06,2.8,DO,9/26/2016,MG/L,,UNK,38.3965,-120.70125,MUNICIPAL,200,140,60,USGS,S6-MCAW-M06,S6-MCAW-M06
S7-SAC-C09,9.2,DO,8/21/2017,MG/L,,UNK,38.29333333,-121.1745,MUNICIPAL,228,187,41,USGS,S7-SAC-C09,S7-SAC-C09
S6-MCAW-C17,5.4,DO,11/28/2016,MG/L,,UNK,38.5805,-120.5613333,MUNICIPAL,120,40,80,USGS,S6-MCAW-C17,S6-MCAW-C17
S6-MCAW-M12,4.5,DO,10/31/2016,MG/L,,UNK,38.46058333,-120.5189722,MUNICIPAL,240,40,200,USGS,S6-MCAW-M12,S6-MCAW-M12
CE-QPC-FP01,3.6,DO,5/3/2006,MG/L,,UNK,37.74591667,-120.8018611,MUNICIPAL,611,315,291,USGS,CE-QPC-FP01,CE-QPC-FP01
MADCHOW-12R,0.2,DO,6/6/2018,MG/L,,UNK,37.13325,-120.4880278,MUNICIPAL,,,,USGS,MADCHOW-12R,MADCHOW-12R
MADCHOW-28,7.5,DO,5/19/2008,MG/L,,UNK,37.03233333,-120.3612222,MUNICIPAL,216,204,8,USGS,MADCHOW-28,MADCHOW-28
NSJ-QPC-04,3.8,DO,12/6/2011,MG/L,,UNK,38.33271931,-121.0948885,MUNICIPAL,520,235,277,USGS,NSJ-QPC-04,NSJ-QPC-04
S3-MACK-M05,7.1,DO,11/20/2013,MG/L,,UNK,37.04933333,-120.4721944,MUNICIPAL,260,160,100,USGS,S3-MACK-M05,S3-MACK-M05
S3-MACK-M24,6.3,DO,12/9/2013,MG/L,,UNK,36.95455556,-119.79575,MUNICIPAL,320,200,120,USGS,S3-MACK-M24,S3-MACK-M24
S6-MCAW-M03,6.1,DO,12/19/2016,MG/L,,UNK,38.40227778,-120.9099722,MUNICIPAL,530,20,510,USGS,S6-MCAW-M03,S6-MCAW-M03
S6-MCAW-M05,0.6,DO,12/19/2016,MG/L,,UNK,38.42063889,-120.7466667,MUNICIPAL,200,135,65,USGS,S6-MCAW-M05,S6-MCAW-M05
TRLKMW-02,1.4,DO,3/15/2006,MG/L,,UNK,37.56355,-121.0573972,MUNICIPAL,46,36,5,USGS,TRLKMW-02,TRLKMW-02
SIERRA-G-13,8.8,DO,10/2/2012,MG/L,,UNK,38.65730556,-120.6040833,MUNICIPAL,400,60,340,USGS,SIERRA-G-13,SIERRA-G-13
Vanadium Study,0.2,DO,2/1/2012,MG/L,<,UNK,37.95993056,-121.31385,MUNICIPAL,580,560,20,USGS,Vanadium Study,Vanadium Study
Vanadium Study,0.2,DO,2/1/2012,MG/L,<,UNK,37.897,-121.2693,MUNICIPAL,580,560,20,USGS,Vanadium Study,Vanadium Study
SIERRA-G-08,5.2,DO,7/23/2008,MG/L,,UNK,37.10505556,-119.3195556,MUNICIPAL,120,57,63,USGS,SIERRA-G-08,SIERRA-G-08
Vanadium Study,0.2,DO,2/6/2012,MG/L,<,UNK,38.05461111,-121.3709722,MUNICIPAL,580,560,20,USGS,Vanadium Study,Vanadium Study
SIERRA-XL-01,0.5,DO,9/25/2008,MG/L,,UNK,37.62758333,-119.0858889,MUNICIPAL,0,0,0,USGS,SIERRA-XL-01,SIERRA-XL-01
Vanadium Study,0.4,DO,2/14/2012,MG/L,,UNK,38.04416667,-121.3233333,MUNICIPAL,580,560,20,USGS,Vanadium Study,Vanadium Study
Vanadium Study,0.4,DO,2/14/2012,MG/L,,UNK,37.897,-121.2693,MUNICIPAL,580,560,20,USGS,Vanadium Study,Vanadium Study
SIERRA-GL-02,2.6,DO,7/30/2008,MG/L,,UNK,37.97341667,-120.3413611,MUNICIPAL,400,52,348,USGS,SIERRA-GL-02,SIERRA-GL-02
Vanadium Study,0.2,DO,1/30/2012,MG/L,<,UNK,37.95993056,-121.31385,MUNICIPAL,580,560,20,USGS,Vanadium Study,Vanadium Study
Vanadium Study,0.2,DO,1/30/2012,MG/L,<,UNK,38.04416667,-121.3233333,MUNICIPAL,580,560,20,USGS,Vanadium Study,Vanadium Study
T0609900374-MW-1,5.1,DO,11/8/2002,MG/L,=,1,37.5515912,-120.9102784,MONITORING,,,,EDF,MW-1,MW-1
AGC100012331-ESJQC00006,9.08,DO,10/31/2018,MG/L,=,0,37.40467,-120.58865,UNK,,,,AGLAND,ESJQC00006,ESJQC00006
T0609900374-MW-6,3.9,DO,12/18/2001,MG/L,=,1,37.5516268,-120.9099971,MONITORING,,,,EDF,MW-6,MW-6
AGC100012333-SJCDW00016,6.52,DO,10/23/2018,MG/L,=,0,37.79235,-120.89133,UNK,,,,AGLAND,SJCDW00016,SJCDW00016
AGC100012331-ESJQC00009,3.73,DO,10/30/2018,MG/L,=,0,37.3091,-120.55605,UNK,,,,AGLAND,ESJQC00009,ESJQC00009
T0609900374-MW-4,5.6,DO,5/2/2003,MG/L,=,1,37.5519109,-120.9100434,MONITORING,,,,EDF,MW-4,MW-4
T0607700888-MW-2,6.5,DO,5/19/2003,MG/L,=,100,37.9541829,-121.2705114,MONITORING,,,,EDF,MW-2,MW-2
T0607700214-MW1,0.64,DO,10/8/2012,MG/L,=,0.1,37.7447786,-121.4269285,MONITORING,,,,EDF,MW1,MW1
T0607700888-MW-4,0,DO,1/14/2003,MG/L,ND,1,37.9544987,-121.2708282,MONITORING,,,,EDF,MW-4,MW-4
AGC100012333-SJCDW00040,5.74,DO,10/22/2018,MG/L,=,0,37.97393,-121.70953,UNK,,,,AGLAND,SJCDW00040,SJCDW00040
AGC100012333-SJCDW00036,5.3,DO,11/5/2018,MG/L,=,0,38.16085,-121.34472,UNK,,,,AGLAND,SJCDW00036,SJCDW00036
T0609900374-MW-2,7.3,DO,12/18/2001,MG/L,=,1,37.5514845,-120.9099516,MONITORING,,,,EDF,MW-2,MW-2
SL0601346154-94SP-4,5.07,DO,7/30/2009,MG/L,=,0.01,37.99748348,-121.7596706,MONITORING,,,,EDF,94SP-4,94SP-4
T0609900374-MW-6,1.6,DO,5/2/2003,MG/L,=,1,37.5516268,-120.9099971,MONITORING,,,,EDF,MW-6,MW-6
T0609900374-MW-5,3.8,DO,5/22/2002,MG/L,=,1,37.5516949,-120.9101607,MONITORING,,,,EDF,MW-5,MW-5
T0609900374-MW-5,4.7,DO,12/18/2001,MG/L,=,1,37.5516949,-120.9101607,MONITORING,,,,EDF,MW-5,MW-5
SL0601346154-94MW-2,1.96,DO,7/30/2009,MG/L,=,0.01,37.99742985,-121.7595953,MONITORING,,58,15,EDF,94MW-2,94MW-2
T0607700146-PT-MW2,1.6,DO,2/22/2011,MG/L,=,0.1,38.14074025,-121.2613333,MONITORING,,,,EDF,PT-MW2,PT-MW2
DM-08,5,DO,3/8/2010,MG/L,,UNK,37.10049861,-121.0074214,MUNICIPAL,260,185,-185,USGS,DM-08,DM-08
TRLK-15,0.3,DO,4/4/2006,MG/L,,UNK,37.43241667,-120.8282778,MUNICIPAL,400,330,60,USGS,TRLK-15,TRLK-15
TRLK-05,3.1,DO,1/25/2010,MG/L,,UNK,37.5075,-120.8466944,MUNICIPAL,472,204,253,USGS,TRLK-05,TRLK-05
CWISH-08,2.1,DO,5/25/2006,MG/L,,UNK,37.34763889,-119.48775,MUNICIPAL,925,81,844,USGS,CWISH-08,CWISH-08
TRLK-07,5.6,DO,3/23/2006,MG/L,,UNK,37.62544444,-120.5980278,MUNICIPAL,200,100,96,USGS,TRLK-07,TRLK-07
ESJMW-02,5.9,DO,2/2/2005,MG/L,,UNK,38.00119444,-121.2683611,MUNICIPAL,460,400,50,USGS,ESJMW-02,ESJMW-02
CGOLD-15,0.2,DO,5/23/2006,MG/L,<,UNK,37.25627778,-119.7168611,MUNICIPAL,355,50,305,USGS,CGOLD-15,CGOLD-15
TRLK-11,4.3,DO,3/28/2006,MG/L,,UNK,37.51763889,-120.7996389,MUNICIPAL,410,210,190,USGS,TRLK-11,TRLK-11
MODFP-03,4.9,DO,3/14/2006,MG/L,,UNK,37.62413889,-121.0861111,MUNICIPAL,34.8,25,5,USGS,MODFP-03,MODFP-03
CE-QPC-04,6,DO,4/6/2006,MG/L,,UNK,37.517,-120.5882778,MUNICIPAL,336,0,0,USGS,CE-QPC-04,CE-QPC-04
CGOLDU-02,6.3,DO,5/24/2006,MG/L,,UNK,37.34563889,-119.76325,MUNICIPAL,100,30,70,USGS,CGOLDU-02,CGOLDU-02
MER-04,1,DO,3/30/2006,MG/L,,UNK,37.32716667,-120.85075,MUNICIPAL,75,0,0,USGS,MER-04,MER-04
DM-U-11,0.3,DO,4/6/2010,MG/L,,UNK,36.78068056,-120.3722028,MUNICIPAL,78,58,20,USGS,DM-U-11,DM-U-11
DM-U-16,9.3,DO,5/20/2010,MG/L,,UNK,37.43161111,-121.0994722,MUNICIPAL,255,235,20,USGS,DM-U-16,DM-U-16
ESJ-08,6.6,DO,2/12/2014,MG/L,,UNK,37.79963889,-120.9786667,MUNICIPAL,610,0,0,USGS,ESJ-08,ESJ-08
DM-17,0.2,DO,6/22/2010,MG/L,<,UNK,36.70502778,-120.8598056,MUNICIPAL,280,0,0,USGS,DM-17,DM-17
DM-19,0.2,DO,4/14/2010,MG/L,<,UNK,36.83638889,-120.6739444,MUNICIPAL,350,250,100,USGS,DM-19,DM-19
DM-27,0.2,DO,6/24/2010,MG/L,<,UNK,37.10138889,-120.8206111,MUNICIPAL,575,350,225,USGS,DM-27,DM-27
DM-U-09,0.2,DO,3/31/2010,MG/L,<,UNK,36.88959444,-120.6701639,MUNICIPAL,215,195,20,USGS,DM-U-09,DM-U-09
MER-02,4.4,DO,3/29/2006,MG/L,,UNK,37.39238889,-120.7046944,MUNICIPAL,0,0,0,USGS,MER-02,MER-02
DM-U-13,7.9,DO,5/18/2010,MG/L,,UNK,37.29069444,-121.0875556,MUNICIPAL,380,240,20,USGS,DM-U-13,DM-U-13
DM-19,0.2,DO,9/16/2015,MG/L,<,UNK,36.83638889,-120.6739444,MUNICIPAL,350,250,100,USGS,DM-19,DM-19
MER-03,4.7,DO,3/30/2006,MG/L,,UNK,37.36013889,-120.6011944,MUNICIPAL,526,305,210,USGS,MER-03,MER-03
MOD-01,6.7,DO,3/13/2006,MG/L,,UNK,37.62159742,-121.0441012,MUNICIPAL,81,0,0,USGS,MOD-01,MOD-01
MADCHOW-05,5.8,DO,3/15/2011,MG/L,,UNK,37.05575,-119.9849444,MUNICIPAL,350,0,0,USGS,MADCHOW-05,MADCHOW-05
S6-MCAW-M07,0.3,DO,9/14/2016,MG/L,,UNK,38.36038889,-120.6761667,MUNICIPAL,120,40,80,USGS,S6-MCAW-M07,S6-MCAW-M07
MADCHOW-25,5.7,DO,5/13/2008,MG/L,,UNK,36.94466667,-120.2830278,MUNICIPAL,200,0,0,USGS,MADCHOW-25,MADCHOW-25
S6-MCAW-M11,5,DO,8/25/2016,MG/L,,UNK,38.49952778,-120.5370833,MUNICIPAL,300,0,0,USGS,S6-MCAW-M11,S6-MCAW-M11
S3-MACK-M12,4.3,DO,3/18/2014,MG/L,,UNK,36.82897222,-120.0628611,MUNICIPAL,253,213,40,USGS,S3-MACK-M12,S3-MACK-M12
S3-MACK-M13,2.1,DO,12/2/2013,MG/L,,UNK,36.90166667,-120.1263056,MUNICIPAL,280,280,0,USGS,S3-MACK-M13,S3-MACK-M13
MADCHOW-03,4,DO,3/15/2011,MG/L,,UNK,36.96300227,-120.0646067,MUNICIPAL,540,240,280,USGS,MADCHOW-03,MADCHOW-03
MADCHOW-26,6,DO,5/14/2008,MG/L,,UNK,36.92336111,-120.3731389,MUNICIPAL,510,210,300,USGS,MADCHOW-26,MADCHOW-26
TRLKFP-01,0.3,DO,4/5/2006,MG/L,,UNK,37.48938889,-120.9948056,MUNICIPAL,80,0,0,USGS,TRLKFP-01,TRLKFP-01
S3-MACK-M10,3.7,DO,12/4/2013,MG/L,,UNK,36.93122222,-120.1842778,MUNICIPAL,300,240,60,USGS,S3-MACK-M10,S3-MACK-M10
S6-MCAW-C07,0.7,DO,10/20/2016,MG/L,,UNK,38.59211111,-120.84575,MUNICIPAL,200,120,80,USGS,S6-MCAW-C07,S6-MCAW-C07
S3-MACK-M11,4.7,DO,12/3/2013,MG/L,,UNK,36.86072222,-120.1004722,MUNICIPAL,300,240,60,USGS,S3-MACK-M11,S3-MACK-M11
S3-MACK-M19,3,DO,12/11/2013,MG/L,,UNK,37.033,-120.1138889,MUNICIPAL,409,409,0,USGS,S3-MACK-M19,S3-MACK-M19
Vanadium Study,0.2,DO,1/31/2012,MG/L,<,UNK,37.95993056,-121.31385,MUNICIPAL,580,560,20,USGS,Vanadium Study,Vanadium Study
Vanadium Study,0.2,DO,1/31/2012,MG/L,<,UNK,37.8971,-121.2694,MUNICIPAL,580,560,20,USGS,Vanadium Study,Vanadium Study
Vanadium Study,0.2,DO,2/1/2012,MG/L,<,UNK,38.05461111,-121.3709722,MUNICIPAL,580,560,20,USGS,Vanadium Study,Vanadium Study
Vanadium Study,0.2,DO,2/1/2012,MG/L,<,UNK,38.04416667,-121.3233333,MUNICIPAL,580,560,20,USGS,Vanadium Study,Vanadium Study
Vanadium Study,1.2,DO,2/7/2012,MG/L,,UNK,37.93909093,-121.2621676,MUNICIPAL,580,560,20,USGS,Vanadium Study,Vanadium Study
Vanadium Study,0.2,DO,2/7/2012,MG/L,<,UNK,37.93909093,-121.2621676,MUNICIPAL,580,560,20,USGS,Vanadium Study,Vanadium Study
Vanadium Study,2.3,DO,2/8/2012,MG/L,,UNK,37.897,-121.2693,MUNICIPAL,580,560,20,USGS,Vanadium Study,Vanadium Study
Vanadium Study,0.4,DO,2/14/2012,MG/L,,UNK,38.05461111,-121.3709722,MUNICIPAL,580,560,20,USGS,Vanadium Study,Vanadium Study
Vanadium Study,0.4,DO,2/14/2012,MG/L,,UNK,38.02980278,-121.3472472,MUNICIPAL,580,560,20,USGS,Vanadium Study,Vanadium Study
SIERRA-ML-10,7.3,DO,8/5/2008,MG/L,,UNK,38.04438889,-120.5219444,MUNICIPAL,275,0,0,USGS,SIERRA-ML-10,SIERRA-ML-10
SIERRA-SL-05,9.2,DO,7/28/2008,MG/L,,UNK,38.34125,-119.83775,MUNICIPAL,0,0,0,USGS,SIERRA-SL-05,SIERRA-SL-05
SIERRA-VL-04,4.2,DO,8/14/2008,MG/L,,UNK,37.84511111,-120.1415833,MUNICIPAL,307,57,250,USGS,SIERRA-VL-04,SIERRA-VL-04
MADCHOWFP-02,6,DO,5/5/2008,MG/L,,UNK,37.12708333,-120.2492222,MUNICIPAL,415,242,173,USGS,MADCHOWFP-02,MADCHOWFP-02
Vanadium Study,0.2,DO,1/30/2012,MG/L,<,UNK,37.93909093,-121.2621676,MUNICIPAL,580,560,20,USGS,Vanadium Study,Vanadium Study
Vanadium Study,0.2,DO,1/30/2012,MG/L,<,UNK,37.81894444,-121.2663889,MUNICIPAL,580,560,20,USGS,Vanadium Study,Vanadium Study
T0609900374-MW-4,6.9,DO,11/8/2002,MG/L,=,1,37.5519109,-120.9100434,MONITORING,,,,EDF,MW-4,MW-4
AGC100012333-SJCDW00018,6.36,DO,10/23/2018,MG/L,=,0,37.78154,-120.84557,UNK,,,,AGLAND,SJCDW00018,SJCDW00018
AGC100012331-ESJQC00005,5.44,DO,10/31/2018,MG/L,=,0,37.46293,-120.77148,UNK,,160,15,AGLAND,ESJQC00005,ESJQC00005
T0609900374-MW-6,2.4,DO,2/25/2003,MG/L,=,1,37.5516268,-120.9099971,MONITORING,,,,EDF,MW-6,MW-6
AGC100012331-ESJQC00007,0.06,DO,10/31/2018,MG/L,=,0,37.33116,-120.73436,UNK,,,,AGLAND,ESJQC00007,ESJQC00007
T0607700146-PT-MW1,3.3,DO,2/22/2011,MG/L,=,0.1,38.14068758,-121.2611808,MONITORING,,,,EDF,PT-MW1,PT-MW1
T0609900349-MW-11,7.3,DO,8/6/2007,MG/L,=,1,37.500883,-120.853594,MONITORING,,31,10,EDF,MW-11,MW-11
T0607700146-PT-MW8,1.6,DO,2/22/2011,MG/L,=,0.1,38.14053593,-121.2615464,MONITORING,,,,EDF,PT-MW8,PT-MW8
AGC100012333-SJCDW00019,1.21,DO,10/22/2018,MG/L,=,0,37.74736,-121.21599,UNK,,,,AGLAND,SJCDW00019,SJCDW00019
AGC100012331-ESJQC00011,7.83,DO,10/30/2018,MG/L,=,0,37.14975,-120.3467,UNK,,,,AGLAND,ESJQC00011,ESJQC00011
T0609900349-MW-10,3.6,DO,8/6/2007,MG/L,=,1,37.5011632,-120.853775,MONITORING,,31,10,EDF,MW-10,MW-10
AGC100012333-SJCDW00043,4.25,DO,10/24/2018,MG/L,=,0,37.85616,-121.01028,UNK,,,,AGLAND,SJCDW00043,SJCDW00043
AGC100012333-SJCDW00054,11.62,DO,10/25/2018,MG/L,=,0,38.04092,-121.19344,UNK,,,,AGLAND,SJCDW00054,SJCDW00054
T0607700846-MW-1,2.8,DO,4/25/2003,MG/L,=,1,37.7389992,-121.4749107,MONITORING,,,,EDF,MW-1,MW-1
T0607700871-MW-1,8.4,DO,7/19/2002,MG/L,=,1,37.74338417,-121.1262159,MONITORING,,,,EDF,MW-1,MW-1
T0607700888-MW-6,2.17,DO,1/14/2003,MG/L,=,1,37.9543569,-121.2708652,MONITORING,,,,EDF,MW-6,MW-6
T0607700888-MW-7,10,DO,5/19/2003,MG/L,=,100,37.9544468,-121.2705437,MONITORING,,,,EDF,MW-7,MW-7
DM-11,6.5,DO,10/22/2015,MG/L,,UNK,37.56243149,-121.1766032,MUNICIPAL,168,146,22,USGS,DM-11,DM-11
TRLK-16,2,DO,5/2/2006,MG/L,,UNK,37.54116667,-120.5161944,MUNICIPAL,0,0,0,USGS,TRLK-16,TRLK-16
TRLK-14,0.7,DO,4/4/2006,MG/L,,UNK,37.42463889,-120.8308333,MUNICIPAL,360,160,195,USGS,TRLK-14,TRLK-14
CGOLD-12,0.2,DO,5/23/2006,MG/L,<,UNK,37.17022222,-119.7573611,MUNICIPAL,880,100,780,USGS,CGOLD-12,CGOLD-12
MERMW-03,1.8,DO,3/28/2006,MG/L,,UNK,37.30927222,-120.5592361,MUNICIPAL,56,46,5,USGS,MERMW-03,MERMW-03
CGOLD-18,3.4,DO,5/31/2006,MG/L,,UNK,37.38766667,-119.6290833,MUNICIPAL,631,56,575,USGS,CGOLD-18,CGOLD-18
CGOLD-16,9.3,DO,5/24/2006,MG/L,,UNK,37.41938889,-119.6051944,MUNICIPAL,500,120,100,USGS,CGOLD-16,CGOLD-16
CWISH-09,3.2,DO,5/25/2006,MG/L,,UNK,37.34391667,-119.4789167,MUNICIPAL,700,70,630,USGS,CWISH-09,CWISH-09
ESJFP-07,6.6,DO,1/10/2005,MG/L,,UNK,38.03102778,-121.1955556,MUNICIPAL,466,0,0,USGS,ESJFP-07,ESJFP-07
TRLK-12,0.8,DO,4/3/2006,MG/L,,UNK,37.35138889,-120.9616389,MUNICIPAL,158,0,0,USGS,TRLK-12,TRLK-12
CE-QPC-02,5.5,DO,1/26/2010,MG/L,,UNK,37.64116667,-120.7455,MUNICIPAL,300,124,-124,USGS,CE-QPC-02,CE-QPC-02
DM-13,0.2,DO,3/17/2010,MG/L,<,UNK,36.98266667,-120.8279444,MUNICIPAL,500,400,100,USGS,DM-13,DM-13
MOD-03,5.7,DO,2/9/2016,MG/L,,UNK,37.6515,-121.0208889,MUNICIPAL,180,0,0,USGS,MOD-03,MOD-03
MER-09,5.8,DO,4/10/2006,MG/L,,UNK,37.32458333,-120.4440833,MUNICIPAL,266,174,75,USGS,MER-09,MER-09
MOD-05,3.2,DO,3/20/2006,MG/L,,UNK,37.74613889,-121.0168333,MUNICIPAL,292,139,132,USGS,MOD-05,MOD-05
MOD-06,4.8,DO,3/21/2006,MG/L,,UNK,37.64502778,-120.9844167,MUNICIPAL,216,128,64,USGS,MOD-06,MOD-06
ESJ-01,0.4,DO,4/2/2008,MG/L,,UNK,37.81683333,-121.2666667,MUNICIPAL,270,180,85,USGS,ESJ-01,ESJ-01
MER-10,5.1,DO,2/11/2016,MG/L,,UNK,37.30808333,-120.5035833,MUNICIPAL,294,0,294,USGS,MER-10,MER-10
ESJ-01,0.2,DO,3/27/2012,MG/L,,UNK,37.81683333,-121.2666667,MUNICIPAL,270,180,85,USGS,ESJ-01,ESJ-01
ESJ-01,0.3,DO,2/10/2014,MG/L,,UNK,37.81683333,-121.2666667,MUNICIPAL,270,180,85,USGS,ESJ-01,ESJ-01
ESJ-11,0.2,DO,2/13/2014,MG/L,<,UNK,38.22444444,-121.4222222,MUNICIPAL,245,135,-135,USGS,ESJ-11,ESJ-11
MOD-10,5.7,DO,5/3/2006,MG/L,,UNK,37.71104103,-120.6768706,MUNICIPAL,815,159,-159,USGS,MOD-10,MOD-10
DM-U-03,6.6,DO,3/29/2010,MG/L,,UNK,37.35021503,-120.9774278,MUNICIPAL,20,12,5,USGS,DM-U-03,DM-U-03
MER-11,0.9,DO,3/2/2016,MG/L,,UNK,37.23294444,-120.2573889,MUNICIPAL,630,234,386,USGS,MER-11,MER-11
DM-28,6.3,DO,6/29/2010,MG/L,,UNK,36.98094444,-120.8643056,MUNICIPAL,178,0,0,USGS,DM-28,DM-28
MADCHOW-22,1.2,DO,5/8/2008,MG/L,,UNK,37.08036111,-120.47475,MUNICIPAL,325,0,0,USGS,MADCHOW-22,MADCHOW-22
S7-SAC-C01,5.9,DO,8/7/2017,MG/L,,UNK,38.37597222,-121.2950278,MUNICIPAL,525,159,366,USGS,S7-SAC-C01,S7-SAC-C01
TRLKMW-03,5.7,DO,3/16/2006,MG/L,,UNK,37.54437778,-120.7934361,MUNICIPAL,171,161,5,USGS,TRLKMW-03,TRLKMW-03
MADCHOW-29,5.8,DO,6/4/2018,MG/L,,UNK,36.85069444,-120.2555833,MUNICIPAL,340,0,0,USGS,MADCHOW-29,MADCHOW-29
S7-SAC-C11,0.5,DO,11/14/2017,MG/L,,UNK,38.27175,-120.9724167,MUNICIPAL,215,215,-215,USGS,S7-SAC-C11,S7-SAC-C11
NSJ-QPC-01,5.6,DO,1/11/2005,MG/L,,UNK,38.0718665,-120.9318831,MUNICIPAL,330,0,0,USGS,NSJ-QPC-01,NSJ-QPC-01
MADCHOW-01,5.1,DO,4/14/2008,MG/L,,UNK,36.93113889,-120.1058889,MUNICIPAL,592,210,378,USGS,MADCHOW-01,MADCHOW-01
S7-SAC-C05,7.7,DO,8/9/2017,MG/L,,UNK,38.29277778,-121.2582778,MUNICIPAL,212,155,57,USGS,S7-SAC-C05,S7-SAC-C05
MADCHOW-07,4.5,DO,4/21/2008,MG/L,,UNK,37.13247222,-120.0619167,MUNICIPAL,0,0,0,USGS,MADCHOW-07,MADCHOW-07
MADCHOW-16,4.2,DO,5/1/2008,MG/L,,UNK,37.01980556,-120.0619167,MUNICIPAL,740,330,410,USGS,MADCHOW-16,MADCHOW-16
S6-MCAW-M14,6,DO,8/24/2016,MG/L,,UNK,38.37202778,-120.4760833,MUNICIPAL,397,0,0,USGS,S6-MCAW-M14,S6-MCAW-M14
MADCHOW-19,4,DO,5/6/2008,MG/L,,UNK,36.92741667,-119.7603056,MUNICIPAL,200,140,-140,USGS,MADCHOW-19,MADCHOW-19
NSJ-QPC-04,4.8,DO,4/1/2008,MG/L,,UNK,38.33271931,-121.0948885,MUNICIPAL,520,235,277,USGS,NSJ-QPC-04,NSJ-QPC-04
TRLKFP-02,0.4,DO,4/5/2006,MG/L,,UNK,37.42854749,-120.837148,MUNICIPAL,58,0,0,USGS,TRLKFP-02,TRLKFP-02
MADCHOW-10,5.2,DO,6/7/2018,MG/L,,UNK,37.11891667,-120.2590556,MUNICIPAL,830,0,0,USGS,MADCHOW-10,MADCHOW-10
S3-MACK-M02,3.6,DO,4/8/2014,MG/L,,UNK,36.90688889,-120.2741667,MUNICIPAL,170,0,0,USGS,S3-MACK-M02,S3-MACK-M02
S6-MCAW-C01,1.5,DO,12/20/2016,MG/L,,UNK,38.43411111,-120.9280556,MUNICIPAL,300,32,268,USGS,S6-MCAW-C01,S6-MCAW-C01
S6-MCAW-M09,2.2,DO,11/14/2016,MG/L,,UNK,38.40102778,-120.6519722,MUNICIPAL,300,180,120,USGS,S6-MCAW-M09,S6-MCAW-M09
NSJ-QPC-04,5.1,DO,1/16/2014,MG/L,,UNK,38.33271931,-121.0948885,MUNICIPAL,520,235,277,USGS,NSJ-QPC-04,NSJ-QPC-04
S6-MCAW-C02,7.1,DO,11/16/2016,MG/L,,UNK,38.55163889,-120.9385278,MUNICIPAL,300,100,200,USGS,S6-MCAW-C02,S6-MCAW-C02
S6-MCAW-C08,0.3,DO,9/27/2016,MG/L,,UNK,38.52352778,-120.7990278,MUNICIPAL,500,46,454,USGS,S6-MCAW-C08,S6-MCAW-C08
S6-MCAW-C15,4.8,DO,8/23/2016,MG/L,,UNK,38.66261111,-120.6057222,MUNICIPAL,200,25,175,USGS,S6-MCAW-C15,S6-MCAW-C15
SIERRA-ML-17,7.1,DO,10/15/2008,MG/L,,UNK,38.35763889,-120.8269167,MUNICIPAL,245,100,145,USGS,SIERRA-ML-17,SIERRA-ML-17
Vanadium Study,0.2,DO,1/31/2012,MG/L,<,UNK,38.05461111,-121.3709722,MUNICIPAL,580,560,20,USGS,Vanadium Study,Vanadium Study
SIERRA-M-02,0.2,DO,8/6/2008,MG/L,<,UNK,38.47458333,-120.8336111,MUNICIPAL,440,0,0,USGS,SIERRA-M-02,SIERRA-M-02
Vanadium Study,0.2,DO,2/6/2012,MG/L,<,UNK,37.95993056,-121.31385,MUNICIPAL,580,560,20,USGS,Vanadium Study,Vanadium Study
Vanadium Study,0.2,DO,2/6/2012,MG/L,<,UNK,38.02980278,-121.3472472,MUNICIPAL,580,560,20,USGS,Vanadium Study,Vanadium Study
Vanadium Study,2.3,DO,2/8/2012,MG/L,,UNK,37.93909093,-121.2621676,MUNICIPAL,580,560,20,USGS,Vanadium Study,Vanadium Study
Vanadium Study,0.4,DO,2/14/2012,MG/L,,UNK,37.81894444,-121.2663889,MUNICIPAL,580,560,20,USGS,Vanadium Study,Vanadium Study
SIERRA-ML-12,0.2,DO,8/13/2008,MG/L,,UNK,37.81811111,-120.0586667,MUNICIPAL,360,100,260,USGS,SIERRA-ML-12,SIERRA-ML-12
ESJ-19:ESJDD-06,0,DO,2/17/2005,MG/L,,UNK,37.98855556,-121.3073611,MUNICIPAL,519,195,300,USGS,ESJ-19:ESJDD-06,ESJ-19:ESJDD-06
SIERRA-G-06,0.2,DO,7/21/2008,MG/L,<,UNK,37.46213889,-119.7313333,MUNICIPAL,900,100,800,USGS,SIERRA-G-06,SIERRA-G-06
Vanadium Study,0.2,DO,1/30/2012,MG/L,,UNK,38.05461111,-121.3709722,MUNICIPAL,580,560,20,USGS,Vanadium Study,Vanadium Study
Vanadium Study,0.2,DO,1/30/2012,MG/L,,UNK,37.897,-121.2693,MUNICIPAL,580,560,20,USGS,Vanadium Study,Vanadium Study
T0607700888-MW-1,2.17,DO,2/12/2003,MG/L,=,1,37.9543877,-121.2709658,MONITORING,,,,EDF,MW-1,MW-1
T0607700846-MW-3,4.3,DO,4/25/2003,MG/L,=,1,37.7386898,-121.475205,MONITORING,,,,EDF,MW-3,MW-3
AGC100012333-SJCDW00057,7.46,DO,11/5/2018,MG/L,=,0,37.75896,-121.05673,UNK,,,,AGLAND,SJCDW00057,SJCDW00057
T0607700888-MW-8,2.07,DO,1/14/2003,MG/L,=,1,37.9545366,-121.2706205,MONITORING,,,,EDF,MW-8,MW-8
T0607700888-MW-7,7.86,DO,1/14/2003,MG/L,=,1,37.9544468,-121.2705437,MONITORING,,,,EDF,MW-7,MW-7
T0609900374-MW-1,5.7,DO,5/22/2002,MG/L,=,1,37.5515912,-120.9102784,MONITORING,,,,EDF,MW-1,MW-1
T0609900374-MW-2,6.3,DO,5/22/2002,MG/L,=,1,37.5514845,-120.9099516,MONITORING,,,,EDF,MW-2,MW-2
T0607700597-MWO-1X,1.91,DO,11/30/2006,MG/L,=,0.1,37.820841,-121.2912454,MONITORING,,,,EDF,MWO-1X,MWO-1X
AGC100012333-SJCDW00023,7.05,DO,11/5/2018,MG/L,=,0,37.7308,-121.15658,UNK,,,,AGLAND,SJCDW00023,SJCDW00023
T0607700214-MW4,0.73,DO,9/17/2012,MG/L,=,0.1,37.7450148,-121.427024,MONITORING,,,,EDF,MW4,MW4
T0607700888-MW-9,9.29,DO,1/14/2003,MG/L,=,1,37.9544511,-121.2705521,MONITORING,,,,EDF,MW-9,MW-9
SL0601346154-94MW-25,4.01,DO,7/30/2009,MG/L,=,0.01,37.99752224,-121.7596478,MONITORING,,,,EDF,94MW-25,94MW-25
AGC100012333-SJCDW00005,11.15,DO,10/25/2018,MG/L,=,0,38.01729,-121.1991,UNK,,,,AGLAND,SJCDW00005,SJCDW00005
AGC100012333-SJCDW00034,3.82,DO,10/22/2018,MG/L,=,0,37.68909,-121.36065,UNK,,,,AGLAND,SJCDW00034,SJCDW00034
T0607700146-PT-MW3,3.6,DO,2/22/2011,MG/L,=,0.1,38.14066703,-121.2613247,MONITORING,,,,EDF,PT-MW3,PT-MW3
T0607700214-MW8,1.88,DO,9/17/2012,MG/L,=,0.1,37.7448997,-121.4269966,MONITORING,,,,EDF,MW8,MW8
T0607700888-MW-4,4.6,DO,5/19/2003,MG/L,=,100,37.9544987,-121.2708282,MONITORING,,,,EDF,MW-4,MW-4
T0607700888-MW-7,12.2,DO,2/12/2003,MG/L,=,1,37.9544468,-121.2705437,MONITORING,,,,EDF,MW-7,MW-7
AGC100012331-ESJQC00010,3.14,DO,10/30/2018,MG/L,=,0,37.21438,-120.535,UNK,,,,AGLAND,ESJQC00010,ESJQC00010
T0609900374-MW-2,7,DO,11/8/2002,MG/L,=,1,37.5514845,-120.9099516,MONITORING,,,,EDF,MW-2,MW-2
T0607700146-PT-MW4,6.2,DO,2/22/2011,MG/L,=,0.1,38.14103164,-121.26115,MONITORING,,,,EDF,PT-MW4,PT-MW4
T0607700214-MW1,0.32,DO,9/17/2012,MG/L,=,0.1,37.7447786,-121.4269285,MONITORING,,,,EDF,MW1,MW1
T0609900374-MW-3,7.1,DO,5/2/2003,MG/L,=,1,37.5516962,-120.9097871,MONITORING,,,,EDF,MW-3,MW-3
AGC100012333-SJCDW00015,7.42,DO,10/25/2018,MG/L,=,0,37.93365,-121.07614,UNK,,,,AGLAND,SJCDW00015,SJCDW00015
T0607700888-MW-5,6.51,DO,2/12/2003,MG/L,=,1,37.9543176,-121.2707367,MONITORING,,,,EDF,MW-5,MW-5
DM-07,5.6,DO,3/8/2010,MG/L,,UNK,37.14563889,-120.9574722,MUNICIPAL,300,0,0,USGS,DM-07,DM-07
TRCY-07,0.1,DO,2/8/2005,MG/L,,UNK,37.84997222,-121.4457778,MUNICIPAL,83,23,50,USGS,TRCY-07,TRCY-07
TRLK-03,0.4,DO,1/28/2010,MG/L,,UNK,37.59861111,-120.8536667,MUNICIPAL,497,230,230,USGS,TRLK-03,TRLK-03
CGOLD-01,0.8,DO,5/8/2006,MG/L,,UNK,37.15961111,-119.8469167,MUNICIPAL,1007,100,907,USGS,CGOLD-01,CGOLD-01
CGOLD-05,1.4,DO,5/12/2006,MG/L,,UNK,37.35763889,-119.7213611,MUNICIPAL,0,0,0,USGS,CGOLD-05,CGOLD-05
MERFP-01,0.2,DO,4/13/2006,MG/L,<,UNK,37.17641667,-120.6266389,MUNICIPAL,368,208,84,USGS,MERFP-01,MERFP-01
MERFP-02,0.5,DO,5/1/2006,MG/L,,UNK,37.19744444,-120.1573889,MUNICIPAL,0,0,0,USGS,MERFP-02,MERFP-02
CGOLD-07,0.2,DO,5/16/2006,MG/L,<,UNK,37.45136111,-119.6380556,MUNICIPAL,462,60,402,USGS,CGOLD-07,CGOLD-07
TRLK-08,5.2,DO,3/23/2006,MG/L,,UNK,37.49133333,-120.5250556,MUNICIPAL,128,72,56,USGS,TRLK-08,TRLK-08
MERMW-05,8,DO,4/5/2006,MG/L,,UNK,37.18544444,-120.3901667,MUNICIPAL,68,22,46,USGS,MERMW-05,MERMW-05
TRLK-09,3.5,DO,3/23/2006,MG/L,,UNK,37.5225,-120.4344444,MUNICIPAL,338,76,262,USGS,TRLK-09,TRLK-09
CWISH-07,1.3,DO,5/22/2006,MG/L,,UNK,37.22247222,-119.48275,MUNICIPAL,900,100,800,USGS,CWISH-07,CWISH-07
TRCY-03,4.5,DO,2/11/2014,MG/L,,UNK,37.68341667,-121.4433333,MUNICIPAL,900,420,470,USGS,TRCY-03,TRCY-03
CE-QPC-05,8,DO,4/19/2006,MG/L,,UNK,37.63937681,-120.5829772,MUNICIPAL,117,97,20,USGS,CE-QPC-05,CE-QPC-05
CE-QPC-02,4.7,DO,3/1/2016,MG/L,,UNK,37.64116667,-120.7455,MUNICIPAL,300,124,-124,USGS,CE-QPC-02,CE-QPC-02
MER-05,0.2,DO,4/3/2006,MG/L,,UNK,37.28761111,-120.713,MUNICIPAL,268,248,20,USGS,MER-05,MER-05
MER-13,3.1,DO,4/13/2006,MG/L,,UNK,37.19044444,-120.5378611,MUNICIPAL,355,110,240,USGS,MER-13,MER-13
DM-21,6.6,DO,9/14/2015,MG/L,,UNK,37.54566667,-121.2639722,MUNICIPAL,500,0,0,USGS,DM-21,DM-21
DM-12,5.2,DO,9/14/2015,MG/L,,UNK,37.60991667,-121.2878611,MUNICIPAL,350,0,0,USGS,DM-12,DM-12
ESJ-06,3.1,DO,1/14/2014,MG/L,,UNK,38.10113889,-121.28025,MUNICIPAL,403,200,195,USGS,ESJ-06,ESJ-06
MER-14,6.6,DO,3/1/2016,MG/L,,UNK,37.36611111,-120.5763611,MUNICIPAL,734,261,469,USGS,MER-14,MER-14
DM-U-17,5.8,DO,3/23/2011,MG/L,,UNK,37.29069444,-121.0875556,MUNICIPAL,135,115,20,USGS,DM-U-17,DM-U-17
DM-16,0.2,DO,4/12/2010,MG/L,<,UNK,37.01133333,-120.6565278,MUNICIPAL,150,130,20,USGS,DM-16,DM-16
DM-17,0.2,DO,4/13/2010,MG/L,<,UNK,36.70502778,-120.8598056,MUNICIPAL,280,0,0,USGS,DM-17,DM-17
ESJ-10,0.6,DO,1/13/2014,MG/L,,UNK,38.05055556,-121.3423056,MUNICIPAL,364,156,198,USGS,ESJ-10,ESJ-10
MER-20,0.2,DO,5/1/2006,MG/L,<,UNK,37.19980556,-120.1411389,MUNICIPAL,923,335,574,USGS,MER-20,MER-20
DM-26,3.4,DO,9/15/2015,MG/L,,UNK,37.17347222,-121.0184444,MUNICIPAL,280,160,120,USGS,DM-26,DM-26
DM-U-04,3.1,DO,3/30/2010,MG/L,,UNK,37.01728056,-120.8999278,MUNICIPAL,110,90,20,USGS,DM-U-04,DM-U-04
MADCHOW-13,4.5,DO,4/29/2008,MG/L,,UNK,36.87352778,-120.1286944,MUNICIPAL,670,500,160,USGS,MADCHOW-13,MADCHOW-13
TRLKMW-04,6,DO,3/16/2006,MG/L,,UNK,37.54437778,-120.7934361,MUNICIPAL,101,91,5,USGS,TRLKMW-04,TRLKMW-04
MADCHOW-30,3,DO,5/21/2008,MG/L,,UNK,36.98861111,-120.3844444,MUNICIPAL,388,0,0,USGS,MADCHOW-30,MADCHOW-30
S7-SAC-C12,0.3,DO,11/14/2017,MG/L,,UNK,38.37530556,-120.97625,MUNICIPAL,0,131,20,USGS,S7-SAC-C12,S7-SAC-C12
S7-SAC-C06,4.9,DO,8/9/2017,MG/L,,UNK,38.34633333,-121.1235556,MUNICIPAL,294,254,40,USGS,S7-SAC-C06,S7-SAC-C06
MADCHOW-24,4.9,DO,3/16/2011,MG/L,,UNK,37.01138889,-120.3361667,MUNICIPAL,294,244,50,USGS,MADCHOW-24,MADCHOW-24
S7-SAC-C07,8.1,DO,8/10/2017,MG/L,,UNK,38.34975,-121.2188611,MUNICIPAL,220,160,60,USGS,S7-SAC-C07,S7-SAC-C07
S6-MCAW-M04,0.2,DO,9/26/2016,MG/L,<,UNK,38.42738889,-120.9169167,MUNICIPAL,205,100,105,USGS,S6-MCAW-M04,S6-MCAW-M04
TRCYFP-04,4.4,DO,1/5/2005,MG/L,,UNK,37.68227778,-121.437,MUNICIPAL,860,420,430,USGS,TRCYFP-04,TRCYFP-04
S3-MACK-M08,11.5,DO,11/20/2013,MG/L,,UNK,37.07261111,-120.3293056,MUNICIPAL,391,303,84,USGS,S3-MACK-M08,S3-MACK-M08
MADCHOW-17,5.7,DO,5/1/2008,MG/L,,UNK,37.03508333,-119.8083611,MUNICIPAL,140,0,0,USGS,MADCHOW-17,MADCHOW-17
S3-MACK-M04,7.7,DO,4/10/2014,MG/L,,UNK,36.95608333,-120.3730556,MUNICIPAL,340,300,40,USGS,S3-MACK-M04,S3-MACK-M04
S3-MACK-M09,6.8,DO,11/21/2013,MG/L,,UNK,36.99575,-120.2425278,MUNICIPAL,500,0,0,USGS,S3-MACK-M09,S3-MACK-M09
S3-MACK-M17,8.2,DO,3/20/2014,MG/L,,UNK,37.11916667,-120.3524722,MUNICIPAL,300,180,120,USGS,S3-MACK-M17,S3-MACK-M17
S3-MACK-M28,0.2,DO,4/9/2014,MG/L,<,UNK,37.12575,-120.0757778,MUNICIPAL,340,0,0,USGS,S3-MACK-M28,S3-MACK-M28
S7-SAC-SA09,6.5,DO,11/1/2017,MG/L,,UNK,38.50075,-121.2113056,MUNICIPAL,200,175,25,USGS,S7-SAC-SA09,S7-SAC-SA09
MADCHOW-20,7.1,DO,5/7/2008,MG/L,,UNK,36.88391667,-120.2824444,MUNICIPAL,352,0,0,USGS,MADCHOW-20,MADCHOW-20
S6-MCAW-C13,5.9,DO,8/10/2016,MG/L,,UNK,38.67761111,-120.7240278,MUNICIPAL,150,0,0,USGS,S6-MCAW-C13,S6-MCAW-C13
TRLKMW-01,0.2,DO,3/15/2006,MG/L,,UNK,37.56355,-121.0573972,MUNICIPAL,113,103,5,USGS,TRLKMW-01,TRLKMW-01
MADCHOW-11,7.5,DO,4/24/2008,MG/L,,UNK,37.09477778,-120.1474722,MUNICIPAL,780,385,385,USGS,MADCHOW-11,MADCHOW-11
MADCHOW-21,6.7,DO,5/7/2008,MG/L,,UNK,36.96633333,-119.7951111,MUNICIPAL,320,240,80,USGS,MADCHOW-21,MADCHOW-21
S3-MACK-M26,6,DO,12/10/2013,MG/L,,UNK,37.00508333,-119.8881944,MUNICIPAL,285,0,0,USGS,S3-MACK-M26,S3-MACK-M26
SIERRA-GL-03,9.2,DO,8/12/2008,MG/L,,UNK,37.79505556,-119.3417778,MUNICIPAL,0,0,0,USGS,SIERRA-GL-03,SIERRA-GL-03
Vanadium Study,0.2,DO,1/31/2012,MG/L,<,UNK,38.02980278,-121.3472472,MUNICIPAL,580,560,20,USGS,Vanadium Study,Vanadium Study
Vanadium Study,0.2,DO,1/31/2012,MG/L,<,UNK,37.81894444,-121.2663889,MUNICIPAL,580,560,20,USGS,Vanadium Study,Vanadium Study
Vanadium Study,0.2,DO,2/6/2012,MG/L,<,UNK,37.93909093,-121.2621676,MUNICIPAL,580,560,20,USGS,Vanadium Study,Vanadium Study
Vanadium Study,0.2,DO,2/6/2012,MG/L,<,UNK,37.8971,-121.2694,MUNICIPAL,580,560,20,USGS,Vanadium Study,Vanadium Study
Vanadium Study,0.2,DO,2/6/2012,MG/L,<,UNK,38.04416667,-121.3233333,MUNICIPAL,580,560,20,USGS,Vanadium Study,Vanadium Study
Vanadium Study,2.3,DO,2/8/2012,MG/L,,UNK,37.95993056,-121.31385,MUNICIPAL,580,560,20,USGS,Vanadium Study,Vanadium Study
SIERRA-VL-02,6.2,DO,7/31/2008,MG/L,,UNK,38.1475,-120.0730833,MUNICIPAL,580,0,0,USGS,SIERRA-VL-02,SIERRA-VL-02
ESJ-19:ESJDD-04,0,DO,2/16/2005,MG/L,,UNK,37.98855556,-121.3073611,MUNICIPAL,519,195,300,USGS,ESJ-19:ESJDD-04,ESJ-19:ESJDD-04
SIERRA-G-13,9.8,DO,8/21/2008,MG/L,,UNK,38.65730556,-120.6040833,MUNICIPAL,400,60,340,USGS,SIERRA-G-13,SIERRA-G-13
Vanadium Study,0.2,DO,1/30/2012,MG/L,<,UNK,38.02980278,-121.3472472,MUNICIPAL,580,560,20,USGS,Vanadium Study,Vanadium Study
T0609900374-MW-1,6,DO,12/18/2001,MG/L,=,1,37.5515912,-120.9102784,MONITORING,,,,EDF,MW-1,MW-1
T0607700214-MW4,1.2,DO,10/8/2012,MG/L,=,0.1,37.7450148,-121.427024,MONITORING,,,,EDF,MW4,MW4
T0607700888-MW-6,4.8,DO,5/19/2003,MG/L,=,100,37.9543569,-121.2708652,MONITORING,,,,EDF,MW-6,MW-6
AGC100012333-SJCDW00044,6.67,DO,10/25/2018,MG/L,=,0,37.97834,-121.06083,UNK,,,,AGLAND,SJCDW00044,SJCDW00044
T0609900349-MW-8,3.6,DO,8/6/2007,MG/L,=,1,37.50113298,-120.8524537,MONITORING,,,,EDF,MW-8,MW-8
AGC100012333-SJCDW00011,4.33,DO,10/25/2018,MG/L,=,0,37.94504,-121.21806,UNK,,,,AGLAND,SJCDW00011,SJCDW00011
T0607715874-MW3B,2.14,DO,11/14/2013,MG/L,=,1,37.9563037,-121.2892724,MONITORING,58.95,55,5,EDF,MW3B,MW3B
T0609900374-MW-1,5.3,DO,2/25/2003,MG/L,=,1,37.5515912,-120.9102784,MONITORING,,,,EDF,MW-1,MW-1
T0607700888-MW-10,6.6,DO,5/19/2003,MG/L,=,100,37.9545345,-121.2706364,MONITORING,,,,EDF,MW-10,MW-10
T0607700888-MW-5,4.3,DO,5/19/2003,MG/L,=,100,37.9543176,-121.2707367,MONITORING,,,,EDF,MW-5,MW-5
AGC100012331-ESJQC00001,2,DO,10/31/2018,MG/L,=,0,37.75215,-120.99374,UNK,,,,AGLAND,ESJQC00001,ESJQC00001
T0609900374-MW-3,5.6,DO,2/25/2003,MG/L,=,1,37.5516962,-120.9097871,MONITORING,,,,EDF,MW-3,MW-3
T0607715874-MW2B,2.14,DO,11/14/2013,MG/L,=,1,37.9561404,-121.2892283,MONITORING,60.1,55,5,EDF,MW2B,MW2B
AGC100012333-SJCDW00049,7.84,DO,10/24/2018,MG/L,=,0,37.91238,-121.02647,UNK,,,,AGLAND,SJCDW00049,SJCDW00049
T0609900374-MW-3,6.3,DO,5/22/2002,MG/L,=,1,37.5516962,-120.9097871,MONITORING,,,,EDF,MW-3,MW-3
AGC100012333-SJCDW00030,7.34,DO,10/24/2018,MG/L,=,0,37.85295,-121.04122,UNK,,,,AGLAND,SJCDW00030,SJCDW00030
T0609900374-MW-5,4.8,DO,2/25/2003,MG/L,=,1,37.5516949,-120.9101607,MONITORING,,,,EDF,MW-5,MW-5
AGC100012333-SJCDW00047,7.92,DO,10/22/2018,MG/L,=,0,38.09537,-121.21233,UNK,,,,AGLAND,SJCDW00047,SJCDW00047
AGC100012333-SJCDW00010,9.15,DO,10/23/2018,MG/L,=,0,37.80344,-120.95754,UNK,,,,AGLAND,SJCDW00010,SJCDW00010
T0609900374-MW-2,6.6,DO,2/25/2003,MG/L,=,1,37.5514845,-120.9099516,MONITORING,,,,EDF,MW-2,MW-2
T0607700888-MW-8,2.22,DO,2/12/2003,MG/L,=,1,37.9545366,-121.2706205,MONITORING,,,,EDF,MW-8,MW-8
T0607700846-MW-2,2.9,DO,4/25/2003,MG/L,=,1,37.7387827,-121.4744407,MONITORING,,,,EDF,MW-2,MW-2
DM-04,0.2,DO,3/2/2010,MG/L,<,UNK,37.04547222,-120.63625,MUNICIPAL,180,115,57,USGS,DM-04,DM-04
CGOLD-08,1.6,DO,5/16/2006,MG/L,,UNK,37.32941667,-119.6360556,MUNICIPAL,225,0,0,USGS,CGOLD-08,CGOLD-08
CGOLD-02,0.2,DO,5/9/2006,MG/L,<,UNK,37.21344444,-119.6816389,MUNICIPAL,750,100,650,USGS,CGOLD-02,CGOLD-02
TRCY-10,0.2,DO,12/7/2011,MG/L,,UNK,37.96919444,-121.5703611,MUNICIPAL,185,175,10,USGS,TRCY-10,TRCY-10
CGOLD-02,0.2,DO,5/17/2016,MG/L,,UNK,37.21344444,-119.6816389,MUNICIPAL,750,100,650,USGS,CGOLD-02,CGOLD-02
MODFP-02,0.3,DO,3/13/2006,MG/L,,UNK,37.62413889,-121.0861111,MUNICIPAL,183,174,5,USGS,MODFP-02,MODFP-02
TRLK-05,2.5,DO,2/8/2016,MG/L,,UNK,37.5075,-120.8466944,MUNICIPAL,472,204,253,USGS,TRLK-05,TRLK-05
CGOLD-06,0.8,DO,5/15/2006,MG/L,,UNK,37.41444444,-119.7305556,MUNICIPAL,377,60,317,USGS,CGOLD-06,CGOLD-06
TRLK-06,3.8,DO,3/22/2006,MG/L,,UNK,37.59386111,-120.9909722,MUNICIPAL,221,105,108,USGS,TRLK-06,TRLK-06
ESJFP-10,3.9,DO,1/28/2005,MG/L,,UNK,38.00080556,-121.2686667,MUNICIPAL,540,200,320,USGS,ESJFP-10,ESJFP-10
CGOLD-04,5.4,DO,5/10/2006,MG/L,,UNK,37.35416667,-119.6879167,MUNICIPAL,500,55,445,USGS,CGOLD-04,CGOLD-04
TRCY-11,0.3,DO,2/10/2014,MG/L,,UNK,37.75547222,-121.3749722,MUNICIPAL,400,310,90,USGS,TRCY-11,TRCY-11
CGOLD-16,6.3,DO,5/3/2016,MG/L,,UNK,37.41938889,-119.6051944,MUNICIPAL,500,120,100,USGS,CGOLD-16,CGOLD-16
CWISH-03,0.3,DO,5/11/2006,MG/L,,UNK,37.31405556,-119.5348056,MUNICIPAL,472,50,422,USGS,CWISH-03,CWISH-03
CWISH-04,3.2,DO,6/14/2010,MG/L,,UNK,37.33286111,-119.5811944,MUNICIPAL,700,52,648,USGS,CWISH-04,CWISH-04
CE-QPC-02,6.2,DO,3/10/2010,MG/L,,UNK,37.64116667,-120.7455,MUNICIPAL,300,124,-124,USGS,CE-QPC-02,CE-QPC-02
MOD-02,6.5,DO,3/14/2006,MG/L,,UNK,37.68569444,-121.0013333,MUNICIPAL,395,91,275,USGS,MOD-02,MOD-02
MOD-02,4.9,DO,2/10/2016,MG/L,,UNK,37.68569444,-121.0013333,MUNICIPAL,395,91,275,USGS,MOD-02,MOD-02
DM-22,0.2,DO,6/15/2010,MG/L,<,UNK,36.89252778,-120.56375,MUNICIPAL,355,280,65,USGS,DM-22,DM-22
MER-14,1.4,DO,1/27/2010,MG/L,,UNK,37.36611111,-120.5763611,MUNICIPAL,734,261,469,USGS,MER-14,MER-14
COS-10,5.4,DO,1/15/2014,MG/L,,UNK,38.21766667,-121.2266944,MUNICIPAL,268,0,0,USGS,COS-10,COS-10
DM-26,4.6,DO,6/17/2010,MG/L,,UNK,37.17347222,-121.0184444,MUNICIPAL,280,160,120,USGS,DM-26,DM-26
MER-11,1.5,DO,4/12/2006,MG/L,,UNK,37.23294444,-120.2573889,MUNICIPAL,630,234,386,USGS,MER-11,MER-11
MER-21,0.2,DO,4/5/2006,MG/L,,UNK,37.18522113,-120.3904603,MUNICIPAL,345,225,-225,USGS,MER-21,MER-21
DM-U-05,5.6,DO,3/30/2010,MG/L,,UNK,37.01728056,-120.8999278,MUNICIPAL,355,335,20,USGS,DM-U-05,DM-U-05
DM-U-08,0.3,DO,3/31/2010,MG/L,,UNK,36.88959444,-120.6701639,MUNICIPAL,395,375,20,USGS,DM-U-08,DM-U-08
ESJ-12,5.8,DO,1/13/2005,MG/L,,UNK,38.02020066,-121.1088319,MUNICIPAL,270,190,80,USGS,ESJ-12,ESJ-12
MER-23,0.2,DO,6/11/2006,MG/L,<,UNK,37.13713889,-120.5312778,MUNICIPAL,485,350,125,USGS,MER-23,MER-23
DM-U-01,0.2,DO,3/16/2010,MG/L,<,UNK,37.10355552,-120.8343608,MUNICIPAL,0,0,0,USGS,DM-U-01,DM-U-01
S7-SAC-C10,8.1,DO,8/21/2017,MG/L,,UNK,38.27277778,-120.9968889,MUNICIPAL,260,260,-260,USGS,S7-SAC-C10,S7-SAC-C10
S3-MACK-M27,4.1,DO,12/10/2013,MG/L,,UNK,37.04419444,-119.9844722,MUNICIPAL,369,0,0,USGS,S3-MACK-M27,S3-MACK-M27
MADCHOW-14,6.1,DO,4/30/2008,MG/L,,UNK,36.85208333,-120.0738333,MUNICIPAL,388,0,0,USGS,MADCHOW-14,MADCHOW-14
NSJ-QPC-07,2.2,DO,1/15/2014,MG/L,,UNK,38.20505556,-120.8275,MUNICIPAL,310,100,210,USGS,NSJ-QPC-07,NSJ-QPC-07
TRCYFP-02,1.8,DO,1/4/2005,MG/L,,UNK,37.75286111,-121.43475,MUNICIPAL,1148,337,791,USGS,TRCYFP-02,TRCYFP-02
NSJ-QPC-02,4.2,DO,12/8/2011,MG/L,,UNK,37.83016667,-120.9158611,MUNICIPAL,175,130,45,USGS,NSJ-QPC-02,NSJ-QPC-02
MADCHOW-18,7.2,DO,5/6/2008,MG/L,,UNK,36.92411111,-120.0349722,MUNICIPAL,330,0,0,USGS,MADCHOW-18,MADCHOW-18
S6-MCAW-M08,4.4,DO,9/15/2016,MG/L,,UNK,38.37830556,-120.5376667,MUNICIPAL,517,35,482,USGS,S6-MCAW-M08,S6-MCAW-M08
S3-MACK-M14,5.8,DO,12/11/2013,MG/L,,UNK,36.96608333,-120.1562222,MUNICIPAL,400,0,0,USGS,S3-MACK-M14,S3-MACK-M14
MADCHOW-28,6.6,DO,3/16/2011,MG/L,,UNK,37.03233333,-120.3612222,MUNICIPAL,216,204,8,USGS,MADCHOW-28,MADCHOW-28
S3-MACK-M07,5.8,DO,12/12/2013,MG/L,,UNK,37.09152778,-120.4229722,MUNICIPAL,300,170,130,USGS,S3-MACK-M07,S3-MACK-M07
S3-MACK-M15,6.2,DO,12/5/2013,MG/L,,UNK,37.00438889,-120.2041111,MUNICIPAL,420,360,60,USGS,S3-MACK-M15,S3-MACK-M15
S3-MACK-M25,6.4,DO,3/19/2014,MG/L,,UNK,36.97283333,-119.8883889,MUNICIPAL,310,0,0,USGS,S3-MACK-M25,S3-MACK-M25
S6-MCAW-C14,7.7,DO,8/23/2016,MG/L,,UNK,38.68472222,-120.6802778,MUNICIPAL,400,37,363,USGS,S6-MCAW-C14,S6-MCAW-C14
S6-MCAW-C03,0.2,DO,11/15/2016,MG/L,,UNK,38.59308333,-120.9580556,MUNICIPAL,300,52,248,USGS,S6-MCAW-C03,S6-MCAW-C03
MADCHOWFP-04,3.3,DO,5/21/2008,MG/L,,UNK,37.14536111,-120.14825,MUNICIPAL,200,184,12,USGS,MADCHOWFP-04,MADCHOWFP-04
Vanadium Study,0.2,DO,1/31/2012,MG/L,<,UNK,38.04416667,-121.3233333,MUNICIPAL,580,560,20,USGS,Vanadium Study,Vanadium Study
Vanadium Study,0.2,DO,1/31/2012,MG/L,<,UNK,37.897,-121.2693,MUNICIPAL,580,560,20,USGS,Vanadium Study,Vanadium Study
Vanadium Study,0.2,DO,2/1/2012,MG/L,<,UNK,38.02980278,-121.3472472,MUNICIPAL,580,560,20,USGS,Vanadium Study,Vanadium Study
Vanadium Study,0.2,DO,2/6/2012,MG/L,<,UNK,37.897,-121.2693,MUNICIPAL,580,560,20,USGS,Vanadium Study,Vanadium Study
Vanadium Study,0.2,DO,2/7/2012,MG/L,<,UNK,37.897,-121.2693,MUNICIPAL,580,560,20,USGS,Vanadium Study,Vanadium Study
Vanadium Study,2.3,DO,2/8/2012,MG/L,,UNK,37.8971,-121.2694,MUNICIPAL,580,560,20,USGS,Vanadium Study,Vanadium Study
Vanadium Study,0.4,DO,2/14/2012,MG/L,,UNK,37.95993056,-121.31385,MUNICIPAL,580,560,20,USGS,Vanadium Study,Vanadium Study
SIERRA-G-11,9.4,DO,7/29/2008,MG/L,,UNK,38.08802778,-120.1922222,MUNICIPAL,650,0,0,USGS,SIERRA-G-11,SIERRA-G-11
Vanadium Study,0.2,DO,1/30/2012,MG/L,,UNK,37.93909093,-121.2621676,MUNICIPAL,580,560,20,USGS,Vanadium Study,Vanadium Study
Vanadium Study,0.2,DO,1/30/2012,MG/L,<,UNK,37.897,-121.2693,MUNICIPAL,580,560,20,USGS,Vanadium Study,Vanadium Study
AGC100012333-SJCDW00038,6.72,DO,10/25/2018,MG/L,=,0,38.17443,-121.30789,UNK,,,,AGLAND,SJCDW00038,SJCDW00038
T0607700888-MW-3,1.48,DO,1/14/2003,MG/L,=,1,37.9541559,-121.2708454,MONITORING,,,,EDF,MW-3,MW-3
AGC100012333-SJCDW00001,10.16,DO,10/23/2018,MG/L,=,0,37.79978,-121.02252,UNK,,,,AGLAND,SJCDW00001,SJCDW00001
AGC100012333-SJCDW00017,6.18,DO,10/23/2018,MG/L,=,0,37.78227,-120.91435,UNK,,,,AGLAND,SJCDW00017,SJCDW00017
T0607700214-MW8,4.11,DO,5/2/2013,MG/L,=,0.1,37.7448997,-121.4269966,MONITORING,,,,EDF,MW8,MW8
T0607700425-MW-4,4.4,DO,9/13/2012,MG/L,=,1,37.9183291,-121.2786987,MONITORING,49.85,27,23,EDF,MW-4,MW-4
AGC100012333-SJCDW00032,2.06,DO,10/22/2018,MG/L,=,0,37.76603,-121.53086,UNK,,,,AGLAND,SJCDW00032,SJCDW00032
T0609900349-MW-12,5.2,DO,8/6/2007,MG/L,=,1,37.5008882,-120.854097,MONITORING,,43,10,EDF,MW-12,MW-12
AGC100012333-SJCDW00025,4.1,DO,10/23/2018,MG/L,=,0,37.76053,-121.14317,UNK,,,,AGLAND,SJCDW00025,SJCDW00025
T0609900374-MW-3,5.6,DO,11/8/2002,MG/L,=,1,37.5516962,-120.9097871,MONITORING,,,,EDF,MW-3,MW-3
AGC100012331-ESJQC00002,6.73,DO,10/31/2018,MG/L,=,0,37.64673,-120.89416,UNK,180,,,AGLAND,ESJQC00002,ESJQC00002
T0607700214-MW1,1.09,DO,5/2/2013,MG/L,=,0.1,37.7447786,-121.4269285,MONITORING,,,,EDF,MW1,MW1
T0607700888-MW-2,3.42,DO,2/12/2003,MG/L,=,1,37.9541829,-121.2705114,MONITORING,,,,EDF,MW-2,MW-2
T0607700888-MW-8,3.5,DO,5/19/2003,MG/L,=,100,37.9545366,-121.2706205,MONITORING,,,,EDF,MW-8,MW-8
DM-09,1,DO,3/9/2010,MG/L,,UNK,37.31433333,-121.0246944,MUNICIPAL,630,0,0,USGS,DM-09,DM-09
T0607700046-MW7,6.1,DO,2/21/2012,MG/L,=,1,37.9297907,-121.2284068,MONITORING,,,,EDF,MW7,MW7
TRLK-13,0.2,DO,4/3/2006,MG/L,,UNK,37.49271148,-120.9971535,MUNICIPAL,104,84,20,USGS,TRLK-13,TRLK-13
CGOLD-13,0.2,DO,5/5/2016,MG/L,<,UNK,37.20883333,-119.7807222,MUNICIPAL,302,60,242,USGS,CGOLD-13,CGOLD-13
TRLK-04,3.1,DO,3/22/2006,MG/L,,UNK,37.62380556,-120.7540556,MUNICIPAL,332,104,-104,USGS,TRLK-04,TRLK-04
TRLK-05,3.1,DO,3/22/2006,MG/L,,UNK,37.5075,-120.8466944,MUNICIPAL,472,204,253,USGS,TRLK-05,TRLK-05
TRCY-03,4.8,DO,3/31/2008,MG/L,,UNK,37.68341667,-121.4433333,MUNICIPAL,900,420,470,USGS,TRCY-03,TRCY-03
ESJMW-03,1.4,DO,2/3/2005,MG/L,,UNK,38.00119444,-121.2683611,MUNICIPAL,232,195,20,USGS,ESJMW-03,ESJMW-03
TRLK-03,2.4,DO,3/21/2006,MG/L,,UNK,37.59861111,-120.8536667,MUNICIPAL,497,230,230,USGS,TRLK-03,TRLK-03
CE-QPC-01,7.1,DO,2/8/2016,MG/L,,UNK,37.75711111,-120.7992778,MUNICIPAL,280,0,0,USGS,CE-QPC-01,CE-QPC-01
MER-12,0.9,DO,3/3/2016,MG/L,,UNK,37.18347222,-120.6195278,MUNICIPAL,210,110,100,USGS,MER-12,MER-12
DM-U-15,4.8,DO,5/19/2010,MG/L,,UNK,37.43161111,-121.0994722,MUNICIPAL,115,95,20,USGS,DM-U-15,DM-U-15
MOD-07,3.4,DO,3/21/2006,MG/L,,UNK,37.63730556,-120.9959167,MUNICIPAL,231,155,70,USGS,MOD-07,MOD-07
MOD-07,3.6,DO,1/26/2010,MG/L,,UNK,37.63730556,-120.9959167,MUNICIPAL,231,155,70,USGS,MOD-07,MOD-07
MER-12,0.5,DO,4/13/2006,MG/L,,UNK,37.18347222,-120.6195278,MUNICIPAL,210,110,100,USGS,MER-12,MER-12
TRCYFP-01,0.1,DO,1/3/2005,MG/L,,UNK,37.95541667,-121.4223333,MUNICIPAL,130,90,40,USGS,TRCYFP-01,TRCYFP-01
S7-SAC-C03,7,DO,8/8/2017,MG/L,,UNK,38.41186111,-121.2102222,MUNICIPAL,280,250,50,USGS,S7-SAC-C03,S7-SAC-C03
S3-MACK-M20,4.6,DO,12/4/2013,MG/L,,UNK,36.98541667,-120.0763056,MUNICIPAL,280,180,100,USGS,S3-MACK-M20,S3-MACK-M20
S6-MCAW-C10,5,DO,11/2/2016,MG/L,,UNK,38.57325,-120.6746111,MUNICIPAL,75,40,35,USGS,S6-MCAW-C10,S6-MCAW-C10
MADCHOW-24,5.7,DO,5/13/2008,MG/L,,UNK,37.01138889,-120.3361667,MUNICIPAL,294,244,50,USGS,MADCHOW-24,MADCHOW-24
MADCHOW-02,6.5,DO,4/15/2008,MG/L,,UNK,36.99086111,-120.1096111,MUNICIPAL,600,240,360,USGS,MADCHOW-02,MADCHOW-02
MADCHOW-09,7.7,DO,4/22/2008,MG/L,,UNK,37.09083333,-120.2899722,MUNICIPAL,234,100,134,USGS,MADCHOW-09,MADCHOW-09
S6-MCAW-M10,6.8,DO,10/17/2016,MG/L,,UNK,38.46741667,-120.6494167,MUNICIPAL,280,20,260,USGS,S6-MCAW-M10,S6-MCAW-M10
S3-MACK-M06,5.7,DO,11/19/2013,MG/L,,UNK,37.14002778,-120.4500833,MUNICIPAL,150,117,33,USGS,S3-MACK-M06,S3-MACK-M06
S3-MACK-M18,7.2,DO,11/18/2013,MG/L,,UNK,37.06877778,-120.18225,MUNICIPAL,300,200,100,USGS,S3-MACK-M18,S3-MACK-M18
MADCHOW-29,7.2,DO,5/20/2008,MG/L,,UNK,36.85069444,-120.2555833,MUNICIPAL,340,0,0,USGS,MADCHOW-29,MADCHOW-29
DM-12,5,DO,3/11/2010,MG/L,,UNK,37.60991667,-121.2878611,MUNICIPAL,350,0,0,USGS,DM-12,DM-12
Vanadium Study,0.2,DO,2/1/2012,MG/L,<,UNK,37.93909093,-121.2621676,MUNICIPAL,580,560,20,USGS,Vanadium Study,Vanadium Study
Vanadium Study,0.2,DO,2/1/2012,MG/L,<,UNK,37.8971,-121.2694,MUNICIPAL,580,560,20,USGS,Vanadium Study,Vanadium Study
MADCHOWFP-05,1.3,DO,5/22/2008,MG/L,,UNK,37.12575,-120.0757778,MUNICIPAL,340,0,0,USGS,MADCHOWFP-05,MADCHOWFP-05
Vanadium Study,0.2,DO,2/6/2012,MG/L,<,UNK,37.81894444,-121.2663889,MUNICIPAL,580,560,20,USGS,Vanadium Study,Vanadium Study
Vanadium Study,0.2,DO,2/7/2012,MG/L,<,UNK,37.95993056,-121.31385,MUNICIPAL,580,560,20,USGS,Vanadium Study,Vanadium Study
Vanadium Study,0.2,DO,2/7/2012,MG/L,<,UNK,37.81894444,-121.2663889,MUNICIPAL,580,560,20,USGS,Vanadium Study,Vanadium Study
SIERRA-G-08,3,DO,10/3/2012,MG/L,,UNK,37.10505556,-119.3195556,MUNICIPAL,120,57,63,USGS,SIERRA-G-08,SIERRA-G-08
Vanadium Study,2.3,DO,2/8/2012,MG/L,,UNK,38.04416667,-121.3233333,MUNICIPAL,580,560,20,USGS,Vanadium Study,Vanadium Study
Vanadium Study,2.3,DO,2/8/2012,MG/L,,UNK,38.02980278,-121.3472472,MUNICIPAL,580,560,20,USGS,Vanadium Study,Vanadium Study
Vanadium Study,2.3,DO,2/8/2012,MG/L,,UNK,37.81894444,-121.2663889,MUNICIPAL,580,560,20,USGS,Vanadium Study,Vanadium Study
SIERRA-ML-09,4.5,DO,7/22/2008,MG/L,,UNK,37.27361111,-119.6201944,MUNICIPAL,250,124,126,USGS,SIERRA-ML-09,SIERRA-ML-09
Vanadium Study,0.4,DO,2/14/2012,MG/L,,UNK,37.93909093,-121.2621676,MUNICIPAL,580,560,20,USGS,Vanadium Study,Vanadium Study
S6-MCAW-M10U,8.1,DO,9/14/2016,MG/L,,UNK,38.49197222,-120.5845278,MUNICIPAL,320,260,60,USGS,S6-MCAW-M10U,S6-MCAW-M10U
ESJ-19:ESJDD-05,0,DO,2/17/2005,MG/L,,UNK,37.98855556,-121.3073611,MUNICIPAL,519,195,300,USGS,ESJ-19:ESJDD-05,ESJ-19:ESJDD-05
SIERRA-V-03,2.1,DO,9/20/2012,MG/L,,UNK,37.63233333,-119.0848056,MUNICIPAL,220,60,160,USGS,SIERRA-V-03,SIERRA-V-03
SIERRA-ML-13,2.7,DO,8/18/2008,MG/L,,UNK,38.44355556,-120.6315833,MUNICIPAL,890,60,940,USGS,SIERRA-ML-13,SIERRA-ML-13
SIERRA-VL-05,6.4,DO,8/18/2008,MG/L,,UNK,38.581,-120.5770833,MUNICIPAL,500,445,55,USGS,SIERRA-VL-05,SIERRA-VL-05
MADCHOWFP-01,8.2,DO,4/23/2008,MG/L,,UNK,37.08244444,-120.4736389,MUNICIPAL,254,212,42,USGS,MADCHOWFP-01,MADCHOWFP-01
Vanadium Study,0.2,DO,1/30/2012,MG/L,,UNK,37.81894444,-121.2663889,MUNICIPAL,580,560,20,USGS,Vanadium Study,Vanadium Study
SIERRA-ML-16,0.2,DO,9/25/2008,MG/L,<,UNK,37.68188889,-119.08675,MUNICIPAL,70,0,0,USGS,SIERRA-ML-16,SIERRA-ML-16
T0607700214-MW4,2.04,DO,5/2/2013,MG/L,=,0.1,37.7450148,-121.427024,MONITORING,,,,EDF,MW4,MW4
AGC100012333-SJCDW00009,8.48,DO,10/25/2018,MG/L,=,0,37.99585,-121.16161,UNK,,,,AGLAND,SJCDW00009,SJCDW00009
T0609900374-MW-4,6.3,DO,2/25/2003,MG/L,=,1,37.5519109,-120.9100434,MONITORING,,,,EDF,MW-4,MW-4
T0607700871-MW-2,3.2,DO,7/19/2002,MG/L,=,1,37.74322761,-121.1262455,MONITORING,,,,EDF,MW-2,MW-2
AGC100012333-SJCDW00055,8.82,DO,11/7/2018,MG/L,=,0,38.04263,-121.00922,UNK,168,,,AGLAND,SJCDW00055,SJCDW00055
T0607700888-MW-10,7.75,DO,2/12/2003,MG/L,=,1,37.9545345,-121.2706364,MONITORING,,,,EDF,MW-10,MW-10
T0607700214-MW8,2.06,DO,10/8/2012,MG/L,=,0.1,37.7448997,-121.4269966,MONITORING,,,,EDF,MW8,MW8
T0609900374-MW-5,5.4,DO,5/2/2003,MG/L,=,1,37.5516949,-120.9101607,MONITORING,,,,EDF,MW-5,MW-5
T0607700888-MW-5,4.17,DO,1/14/2003,MG/L,=,1,37.9543176,-121.2707367,MONITORING,,,,EDF,MW-5,MW-5
AGC100012331-ESJQC00004,7.28,DO,10/31/2018,MG/L,=,0,37.56417,-120.78336,UNK,,,,AGLAND,ESJQC00004,ESJQC00004
T0607700888-MW-3,2.72,DO,2/12/2003,MG/L,=,1,37.9541559,-121.2708454,MONITORING,,,,EDF,MW-3,MW-3
AGC100012333-SJCDW00048,5.41,DO,10/25/2018,MG/L,=,0,38.12423,-121.19567,UNK,,,,AGLAND,SJCDW00048,SJCDW00048
T0609900374-MW-2,7.1,DO,5/2/2003,MG/L,=,1,37.5514845,-120.9099516,MONITORING,,,,EDF,MW-2,MW-2
T0609900374-MW-1,5.6,DO,5/2/2003,MG/L,=,1,37.5515912,-120.9102784,MONITORING,,,,EDF,MW-1,MW-1
T0607700888-MW-3,4.7,DO,5/19/2003,MG/L,=,100,37.9541559,-121.2708454,MONITORING,,,,EDF,MW-3,MW-3
AGC100012333-SJCDW00021,5.49,DO,11/13/2018,MG/L,=,0,37.82013,-121.22798,UNK,,,,AGLAND,SJCDW00021,SJCDW00021
T0607700871-MW-3,2,DO,7/19/2002,MG/L,=,1,37.74327031,-121.1261401,MONITORING,,,,EDF,MW-3,MW-3
AGC100012331-ESJQC00003,4.12,DO,10/31/2018,MG/L,=,0,37.60311,-121.04785,UNK,,,,AGLAND,ESJQC00003,ESJQC00003
DM-10,1,DO,3/9/2010,MG/L,,UNK,37.25183333,-120.9943056,MUNICIPAL,450,370,74,USGS,DM-10,DM-10
DM-06,1.7,DO,3/4/2010,MG/L,,UNK,37.47511111,-121.1215,MUNICIPAL,597,342,245,USGS,DM-06,DM-06
DM-11,6,DO,3/10/2010,MG/L,,UNK,37.56243149,-121.1766032,MUNICIPAL,168,146,22,USGS,DM-11,DM-11
MODFP-01,0.2,DO,3/13/2006,MG/L,<,UNK,37.62413889,-121.0861111,MUNICIPAL,279.5,269,5,USGS,MODFP-01,MODFP-01
TRCY-10,2,DO,2/11/2014,MG/L,,UNK,37.96919444,-121.5703611,MUNICIPAL,185,175,10,USGS,TRCY-10,TRCY-10
TRCY-03,6.2,DO,1/6/2005,MG/L,,UNK,37.68341667,-121.4433333,MUNICIPAL,900,420,470,USGS,TRCY-03,TRCY-03
MERMW-04,2.6,DO,3/28/2006,MG/L,,UNK,37.30927222,-120.5592361,MUNICIPAL,168,158,5,USGS,MERMW-04,MERMW-04
TRLK-01,3.5,DO,3/15/2006,MG/L,,UNK,37.48836111,-120.8356667,MUNICIPAL,348,280,68,USGS,TRLK-01,TRLK-01
TRCY-03,5.2,DO,12/6/2011,MG/L,,UNK,37.68341667,-121.4433333,MUNICIPAL,900,420,470,USGS,TRCY-03,TRCY-03
TRLK-02,3.9,DO,3/16/2006,MG/L,,UNK,37.48616667,-120.8217222,MUNICIPAL,272,180,72,USGS,TRLK-02,TRLK-02
CWISH-02,0.2,DO,5/11/2006,MG/L,<,UNK,37.22569444,-119.5105278,MUNICIPAL,520,66,454,USGS,CWISH-02,CWISH-02
CWISH-01,0.4,DO,5/8/2006,MG/L,,UNK,37.27441667,-119.5335556,MUNICIPAL,608,0,0,USGS,CWISH-01,CWISH-01
TRLK-11,4.5,DO,2/29/2016,MG/L,,UNK,37.51763889,-120.7996389,MUNICIPAL,410,210,190,USGS,TRLK-11,TRLK-11
CE-QPC-09,7.2,DO,5/3/2006,MG/L,,UNK,37.80020592,-120.6454815,MUNICIPAL,100,0,0,USGS,CE-QPC-09,CE-QPC-09
CE-QPC-06,8,DO,4/19/2006,MG/L,,UNK,37.38205556,-120.4502778,MUNICIPAL,358,183,175,USGS,CE-QPC-06,CE-QPC-06
CWISHU-01,12.2,DO,5/22/2006,MG/L,,UNK,37.22688889,-119.5062778,MUNICIPAL,0,0,0,USGS,CWISHU-01,CWISHU-01
COS-08,1.3,DO,4/3/2008,MG/L,,UNK,38.28752778,-121.3289722,MUNICIPAL,575,178,392,USGS,COS-08,COS-08
DM-21,6.7,DO,4/15/2010,MG/L,,UNK,37.54566667,-121.2639722,MUNICIPAL,500,0,0,USGS,DM-21,DM-21
ESJ-06,2.2,DO,12/7/2011,MG/L,,UNK,38.10113889,-121.28025,MUNICIPAL,403,200,195,USGS,ESJ-06,ESJ-06
MER-08,0.1,DO,4/6/2006,MG/L,,UNK,37.28488889,-120.6778611,MUNICIPAL,380,130,250,USGS,MER-08,MER-08
DM-15,0.2,DO,4/12/2010,MG/L,<,UNK,36.915,-120.6581667,MUNICIPAL,218,198,20,USGS,DM-15,DM-15
MER-16,5.1,DO,4/18/2006,MG/L,,UNK,37.42094444,-120.66725,MUNICIPAL,0,0,0,USGS,MER-16,MER-16
DM-25,0.2,DO,6/16/2010,MG/L,<,UNK,37.08430556,-120.7079167,MUNICIPAL,150,130,20,USGS,DM-25,DM-25
MER-18,5.3,DO,4/19/2006,MG/L,,UNK,37.1845,-120.2720278,MUNICIPAL,200,0,0,USGS,MER-18,MER-18
DM-26,4.2,DO,4/3/2013,MG/L,,UNK,37.17347222,-121.0184444,MUNICIPAL,280,160,120,USGS,DM-26,DM-26
MOD-08,5.6,DO,3/21/2006,MG/L,,UNK,37.64561111,-120.7736111,MUNICIPAL,296,200,92,USGS,MOD-08,MOD-08
MOD-09,5.6,DO,3/23/2006,MG/L,,UNK,37.77811111,-120.8060833,MUNICIPAL,338,307,31,USGS,MOD-09,MOD-09
MER-01,0.3,DO,3/27/2006,MG/L,,UNK,37.32877778,-120.9304444,MUNICIPAL,130,110,20,USGS,MER-01,MER-01
DM-27,0.2,DO,9/15/2015,MG/L,<,UNK,37.10138889,-120.8206111,MUNICIPAL,575,350,225,USGS,DM-27,DM-27
MER-22,1.8,DO,5/2/2006,MG/L,,UNK,37.33938526,-120.2193465,MUNICIPAL,130,0,0,USGS,MER-22,MER-22
DM-U-07,0.4,DO,3/31/2010,MG/L,,UNK,36.88959444,-120.6701639,MUNICIPAL,550,530,20,USGS,DM-U-07,DM-U-07
DM-29,0.2,DO,6/30/2010,MG/L,<,UNK,37.16080556,-120.7579444,MUNICIPAL,230,0,0,USGS,DM-29,DM-29
MADCHOW-23,0.7,DO,5/12/2008,MG/L,,UNK,37.07361111,-120.5288889,MUNICIPAL,655,400,255,USGS,MADCHOW-23,MADCHOW-23
S6-MCAW-C04,2.5,DO,10/19/2016,MG/L,,UNK,38.64363889,-121.0495556,MUNICIPAL,305,170,135,USGS,S6-MCAW-C04,S6-MCAW-C04
S6-MCAW-M01,0.7,DO,10/18/2016,MG/L,,UNK,38.33530556,-120.78375,MUNICIPAL,320,200,120,USGS,S6-MCAW-M01,S6-MCAW-M01
MADCHOW-08,1.7,DO,4/22/2008,MG/L,,UNK,37.10319444,-120.15175,MUNICIPAL,820,0,0,USGS,MADCHOW-08,MADCHOW-08
S7-SAC-C08,5.5,DO,8/10/2017,MG/L,,UNK,38.44713889,-121.1721111,MUNICIPAL,247,136,111,USGS,S7-SAC-C08,S7-SAC-C08
S3-MACK-M22,5.5,DO,12/2/2013,MG/L,,UNK,36.88072222,-119.94125,MUNICIPAL,212,212,0,USGS,S3-MACK-M22,S3-MACK-M22
NSJ-QPC-02,4.2,DO,2/12/2014,MG/L,,UNK,37.83016667,-120.9158611,MUNICIPAL,175,130,45,USGS,NSJ-QPC-02,NSJ-QPC-02
S6-MCAW-C05,4.4,DO,11/16/2016,MG/L,,UNK,38.65908333,-120.9511389,MUNICIPAL,300,28,272,USGS,S6-MCAW-C05,S6-MCAW-C05
S6-MCAW-C06,3.7,DO,11/15/2016,MG/L,,UNK,38.59836111,-120.9515278,MUNICIPAL,1000,330,670,USGS,S6-MCAW-C06,S6-MCAW-C06
MADCHOW-27,1.6,DO,5/14/2008,MG/L,,UNK,36.8185,-120.1735556,MUNICIPAL,480,240,240,USGS,MADCHOW-27,MADCHOW-27
S7-SAC-SA11,6.1,DO,11/13/2017,MG/L,,UNK,38.56019444,-121.1569167,MUNICIPAL,320,170,150,USGS,S7-SAC-SA11,S7-SAC-SA11
S6-MCAW-M13,0.2,DO,9/15/2016,MG/L,<,UNK,38.39780556,-120.48175,MUNICIPAL,320,58,262,USGS,S6-MCAW-M13,S6-MCAW-M13
MADCHOW-12,0.3,DO,4/28/2008,MG/L,,UNK,37.13316667,-120.4881389,MUNICIPAL,300,240,60,USGS,MADCHOW-12,MADCHOW-12
S6-MCAW-C09,0.2,DO,11/1/2016,MG/L,<,UNK,38.50575,-120.8225833,MUNICIPAL,330,230,100,USGS,S6-MCAW-C09,S6-MCAW-C09
SIERRA-M-01,0.2,DO,7/30/2008,MG/L,<,UNK,37.93122222,-120.3731944,MUNICIPAL,400,0,0,USGS,SIERRA-M-01,SIERRA-M-01
SIERRA-VL-11,5.6,DO,10/15/2008,MG/L,,UNK,38.03936111,-120.19925,MUNICIPAL,400,50,350,USGS,SIERRA-VL-11,SIERRA-VL-11
Vanadium Study,1.2,DO,2/7/2012,MG/L,,UNK,37.8971,-121.2694,MUNICIPAL,580,560,20,USGS,Vanadium Study,Vanadium Study
Vanadium Study,1.2,DO,2/7/2012,MG/L,,UNK,38.02980278,-121.3472472,MUNICIPAL,580,560,20,USGS,Vanadium Study,Vanadium Study
Vanadium Study,0.2,DO,2/7/2012,MG/L,<,UNK,38.05461111,-121.3709722,MUNICIPAL,580,560,20,USGS,Vanadium Study,Vanadium Study
Vanadium Study,0.2,DO,2/7/2012,MG/L,<,UNK,37.8971,-121.2694,MUNICIPAL,580,560,20,USGS,Vanadium Study,Vanadium Study
Vanadium Study,0.2,DO,2/7/2012,MG/L,<,UNK,38.02980278,-121.3472472,MUNICIPAL,580,560,20,USGS,Vanadium Study,Vanadium Study
Vanadium Study,0.4,DO,2/14/2012,MG/L,,UNK,37.8971,-121.2694,MUNICIPAL,580,560,20,USGS,Vanadium Study,Vanadium Study
SIERRA-G-10,4.7,DO,7/28/2008,MG/L,,UNK,38.32636111,-119.7543889,MUNICIPAL,105,105,0,USGS,SIERRA-G-10,SIERRA-G-10
SIERRA-G-10,4.7,DO,10/3/2012,MG/L,,UNK,38.32636111,-119.7543889,MUNICIPAL,105,105,0,USGS,SIERRA-G-10,SIERRA-G-10
SIERRA-SL-07,7.7,DO,8/13/2008,MG/L,,UNK,37.74187002,-119.5965541,MUNICIPAL,800,0,0,USGS,SIERRA-SL-07,SIERRA-SL-07
SIERRA-G-12,3.9,DO,10/4/2012,MG/L,,UNK,37.85677778,-119.9485,MUNICIPAL,675,57,618,USGS,SIERRA-G-12,SIERRA-G-12
Vanadium Study,0.2,DO,1/30/2012,MG/L,,UNK,37.95993056,-121.31385,MUNICIPAL,580,560,20,USGS,Vanadium Study,Vanadium Study
SIERRA-G-07,2.1,DO,7/22/2008,MG/L,,UNK,37.33286111,-119.5811944,MUNICIPAL,700,52,648,USGS,SIERRA-G-07,SIERRA-G-07
MADCHOWFP-03,7.8,DO,5/15/2008,MG/L,,UNK,37.07722222,-120.5366667,MUNICIPAL,198,163,35,USGS,MADCHOWFP-03,MADCHOWFP-03
